Workbook

Sheet Votos por partido
A2: Paso 2017 | I2: General 2017 | Q2: General 2019
A3: Circuito | B3: SANTA ROSA | C3: Categoria | D3: Destino | E3: Cantidad | F3: TOTAL | G3: PADRON | I3: Circuito | J3: SANTA ROSA | K3: Categoria | L3: Destino | M3: Cantidad | N3: TOTAL | O3: PADRON | Q3: Circuito | R3: SANTA ROSA | S3: Categoria | T3: Destino | U3: Cantidad | V3: TOTAL | W3: PADRON
A4: 9 y 10 | B4: SANTA ROSA | C4: Diputado Nac. | D4: PJ | E4: 22866 | G4: 90619 | I4: 9 y 10 | J4: SANTA ROSA | K4: Diputado Nac. | L4: PJ | M4: 29146 | O4: 90619 | Q4: 9 y 10 | R4: SANTA ROSA | S4: Gobernador | T4: PJ | U4: 33285 | V4: =SUM(U4:U13) -> 65565 | W4: 90434
A5: 9 y 10 | B5: SANTA ROSA | C5: Diputado Nac. | D5: Humanista | E5: 2397 | I5: 9 y 10 | J5: SANTA ROSA | K5: Diputado Nac. | L5: Humanista | M5: 2051 | Q5: 9 y 10 | R5: SANTA ROSA | S5: Gobernador | T5: Cambiemos - FREPAM | U5: 16400
A6: 9 y 10 | B6: SANTA ROSA | C6: Diputado Nac. | D6: Partido de los Trabajadores Soc. | E6: 1989 | I6: 9 y 10 | J6: SANTA ROSA | K6: Diputado Nac. | L6: Partido de los Trabajadores Soc. | M6: 2160 | Q6: 9 y 10 | R6: SANTA ROSA | S6: Gobernador | T6: Comunidad organizada | U6: 7012
A7: 9 y 10 | B7: SANTA ROSA | C7: Diputado Nac. | D7: FREPAM | E7: 2448 | I7: 9 y 10 | J7: SANTA ROSA | K7: Diputado Nac. | L7: FREPAM | M7: 2075 | Q7: 9 y 10 | R7: SANTA ROSA | S7: Gobernador | T7: Pueblo Nuevo | U7: 2216
A8: 9 y 10 | B8: SANTA ROSA | C8: Diputado Nac. | D8: Izquierda al Frente por el Soc. | E8: 1479 | I8: 9 y 10 | J8: SANTA ROSA | K8: Diputado Nac. | L8: Izquierda al Frente por el Soc. | M8: 1794 | Q8: 9 y 10 | R8: SANTA ROSA | S8: Gobernador | T8: Blanco | U8: 1706
A9: 9 y 10 | B9: SANTA ROSA | C9: Diputado Nac. | D9: Cambiemos | E9: 30769 | I9: 9 y 10 | J9: SANTA ROSA | K9: Diputado Nac. | L9: Cambiemos | M9: 28965 | Q9: 9 y 10 | R9: SANTA ROSA | S9: Gobernador | T9: Partido socialista | U9: 1655
A10: 9 y 10 | B10: SANTA ROSA | C10: Diputado Nac. | D10: Nulo | E10: 2428 | I10: 9 y 10 | J10: SANTA ROSA | K10: Diputado Nac. | L10: Nulo | M10: 1458 | Q10: 9 y 10 | R10: SANTA ROSA | S10: Gobernador | T10: Frente popular pampeano | U10: 1144
A11: 9 y 10 | B11: SANTA ROSA | C11: Diputado Nac. | D11: Blanco | E11: 878 | F11: 65254 | I11: 9 y 10 | J11: SANTA ROSA | K11: Diputado Nac. | L11: Blanco | M11: 540 | N11: 68264 | Q11: 9 y 10 | R11: SANTA ROSA | S11: Gobernador | T11: Nulo | U11: 801
A12: 58 | B12: GENERAL PICO | C12: Diputado Nac. | D12: PJ | E12: 11755 | G12: 50143 | I12: 58 | J12: GENERAL PICO | K12: Diputado Nac. | L12: PJ | M12: 16967 | O12: 50143 | Q12: 9 y 10 | R12: SANTA ROSA | S12: Gobernador | T12: Movimiento socialista de los trabajadores | U12: 743
A13: 58 | B13: GENERAL PICO | C13: Diputado Nac. | D13: Humanista | E13: 675 | I13: 58 | J13: GENERAL PICO | K13: Diputado Nac. | L13: Humanista | M13: 538 | Q13: 9 y 10 | R13: SANTA ROSA | S13: Gobernador | T13: Desde el pie | U13: 603
A14: 58 | B14: GENERAL PICO | C14: Diputado Nac. | D14: Partido de los Trabajadores Soc. | E14: 518 | I14: 58 | J14: GENERAL PICO | K14: Diputado Nac. | L14: Partido de los Trabajadores Soc. | M14: 486 | Q14: 57 y 58 | R14: GENERAL PICO | S14: Gobernador | T14: PJ | U14: 18299 | V14: =SUM(U14:U23) -> 38282 | W14: 50004
A15: 58 | B15: GENERAL PICO | C15: Diputado Nac. | D15: FREPAM | E15: 3294 | I15: 58 | J15: GENERAL PICO | K15: Diputado Nac. | L15: FREPAM | M15: 2915 | Q15: 57 y 58 | R15: GENERAL PICO | S15: Gobernador | T15: Cambiemos - FREPAM | U15: 11117
A16: 58 | B16: GENERAL PICO | C16: Diputado Nac. | D16: Izquierda al Frente por el Soc. | E16: 851 | I16: 58 | J16: GENERAL PICO | K16: Diputado Nac. | L16: Izquierda al Frente por el Soc. | M16: 764 | Q16: 57 y 58 | R16: GENERAL PICO | S16: Gobernador | T16: Pueblo Nuevo | U16: 2022
A17: 58 | B17: GENERAL PICO | C17: Diputado Nac. | D17: Cambiemos | E17: 18453 | I17: 58 | J17: GENERAL PICO | K17: Diputado Nac. | L17: Cambiemos | M17: 16986 | Q17: 57 y 58 | R17: GENERAL PICO | S17: Gobernador | T17: Blanco | U17: 1981
A18: 58 | B18: GENERAL PICO | C18: Diputado Nac. | D18: Nulo | E18: 1499 | I18: 58 | J18: GENERAL PICO | K18: Diputado Nac. | L18: Nulo | M18: 797 | Q18: 57 y 58 | R18: GENERAL PICO | S18: Gobernador | T18: Comunidad organizada | U18: 1949
A19: 58 | B19: GENERAL PICO | C19: Diputado Nac. | D19: Blanco | E19: 638 | F19: =SUM(E12:E19) -> 37683 | I19: 58 | J19: GENERAL PICO | K19: Diputado Nac. | L19: Blanco | M19: 301 | N19: 39754 | Q19: 57 y 58 | R19: GENERAL PICO | S19: Gobernador | T19: Desde el pie | U19: 713
A20: 93 | B20: GRAL ACHA | C20: Diputado Nac. | D20: PJ | E20: 2319 | G20: 11653 | I20: 93 | J20: GRAL ACHA | K20: Diputado Nac. | L20: PJ | M20: 3096 | O20: 11653 | Q20: 57 y 58 | R20: GENERAL PICO | S20: Gobernador | T20: Frente popular pampeano | U20: 687
A21: 93 | B21: GRAL ACHA | C21: Diputado Nac. | D21: Humanista | E21: 102 | I21: 93 | J21: GRAL ACHA | K21: Diputado Nac. | L21: Humanista | M21: 107 | Q21: 57 y 58 | R21: GENERAL PICO | S21: Gobernador | T21: Partido socialista | U21: 627
A22: 93 | B22: GRAL ACHA | C22: Diputado Nac. | D22: Partido de los Trabajadores Soc. | E22: 102 | I22: 93 | J22: GRAL ACHA | K22: Diputado Nac. | L22: Partido de los Trabajadores Soc. | M22: 133 | Q22: 57 y 58 | R22: GENERAL PICO | S22: Gobernador | T22: Nulo | U22: 536
A23: 93 | B23: GRAL ACHA | C23: Diputado Nac. | D23: FREPAM | E23: 239 | I23: 93 | J23: GRAL ACHA | K23: Diputado Nac. | L23: FREPAM | M23: 195 | Q23: 57 y 58 | R23: GENERAL PICO | S23: Gobernador | T23: Movimiento socialista de los trabajadores | U23: 351
A24: 93 | B24: GRAL ACHA | C24: Diputado Nac. | D24: Izquierda al Frente por el Soc. | E24: 175 | I24: 93 | J24: GRAL ACHA | K24: Diputado Nac. | L24: Izquierda al Frente por el Soc. | M24: 175 | Q24: 93 | R24: GRAL ACHA | S24: Gobernador | T24: PJ | U24: 3191 | V24: =SUM(U24:U33) -> 8822 | W24: 11574
A25: 93 | B25: GRAL ACHA | C25: Diputado Nac. | D25: Cambiemos | E25: 4528 | I25: 93 | J25: GRAL ACHA | K25: Diputado Nac. | L25: Cambiemos | M25: 4527 | Q25: 93 | R25: GRAL ACHA | S25: Gobernador | T25: Cambiemos - FREPAM | U25: 2793
A26: 93 | B26: GRAL ACHA | C26: Diputado Nac. | D26: Nulo | E26: 490 | I26: 93 | J26: GRAL ACHA | K26: Diputado Nac. | L26: Nulo | M26: 233 | Q26: 93 | R26: GRAL ACHA | S26: Gobernador | T26: Blanco | U26: 1541
A27: 93 | B27: GRAL ACHA | C27: Diputado Nac. | D27: Blanco | E27: 177 | F27: =SUM(E20:E27) -> 8132 | I27: 93 | J27: GRAL ACHA | K27: Diputado Nac. | L27: Blanco | M27: 118 | N27: 8584 | Q27: 93 | R27: GRAL ACHA | S27: Gobernador | T27: Comunidad organizada | U27: 683
A28: 27 | B28: EDUARDO CASTEX | C28: Diputado Nac. | D28: PJ | E28: 2488 | G28: 8766 | I28: 27 | J28: EDUARDO CASTEX | K28: Diputado Nac. | L28: PJ | M28: 3101 | O28: 8766 | Q28: 93 | R28: GRAL ACHA | S28: Gobernador | T28: Pueblo Nuevo | U28: 275
A29: 27 | B29: EDUARDO CASTEX | C29: Diputado Nac. | D29: Humanista | E29: 83 | I29: 27 | J29: EDUARDO CASTEX | K29: Diputado Nac. | L29: Humanista | M29: 86 | Q29: 93 | R29: GRAL ACHA | S29: Gobernador | T29: Partido socialista | U29: 118
A30: 27 | B30: EDUARDO CASTEX | C30: Diputado Nac. | D30: Partido de los Trabajadores Soc. | E30: 106 | I30: 27 | J30: EDUARDO CASTEX | K30: Diputado Nac. | L30: Partido de los Trabajadores Soc. | M30: 105 | Q30: 93 | R30: GRAL ACHA | S30: Gobernador | T30: Frente popular pampeano | U30: 77
A31: 27 | B31: EDUARDO CASTEX | C31: Diputado Nac. | D31: FREPAM | E31: 235 | I31: 27 | J31: EDUARDO CASTEX | K31: Diputado Nac. | L31: FREPAM | M31: 89 | Q31: 93 | R31: GRAL ACHA | S31: Gobernador | T31: Nulo | U31: 76
A32: 27 | B32: EDUARDO CASTEX | C32: Diputado Nac. | D32: Izquierda al Frente por el Soc. | E32: 78 | I32: 27 | J32: EDUARDO CASTEX | K32: Diputado Nac. | L32: Izquierda al Frente por el Soc. | M32: 108 | Q32: 93 | R32: GRAL ACHA | S32: Gobernador | T32: Movimiento socialista de los trabajadores | U32: 40
A33: 27 | B33: EDUARDO CASTEX | C33: Diputado Nac. | D33: Cambiemos | E33: 3130 | I33: 27 | J33: EDUARDO CASTEX | K33: Diputado Nac. | L33: Cambiemos | M33: 3052 | Q33: 93 | R33: GRAL ACHA | S33: Gobernador | T33: Desde el pie | U33: 28
A34: 27 | B34: EDUARDO CASTEX | C34: Diputado Nac. | D34: Nulo | E34: 268 | I34: 27 | J34: EDUARDO CASTEX | K34: Diputado Nac. | L34: Nulo | M34: 156 | Q34: 27 | R34: EDUARDO CASTEX | S34: Gobernador | T34: PJ | U34: 2903 | V34: =SUM(U34:U43) -> 6934 | W34: 8731
A35: 27 | B35: EDUARDO CASTEX | C35: Diputado Nac. | D35: Blanco | E35: 117 | F35: =SUM(E28:E35) -> 6505 | I35: 27 | J35: EDUARDO CASTEX | K35: Diputado Nac. | L35: Blanco | M35: 69 | N35: 6766 | Q35: 27 | R35: EDUARDO CASTEX | S35: Gobernador | T35: Cambiemos - FREPAM | U35: 2680
A36: 86 | B36: TOAY | C36: Diputado Nac. | D36: PJ | E36: 3678 | G36: 12268 | I36: 86 | J36: TOAY | K36: Diputado Nac. | L36: PJ | M36: 4385 | O36: 12268 | Q36: 27 | R36: EDUARDO CASTEX | S36: Gobernador | T36: Pueblo Nuevo | U36: 390
A37: 86 | B37: TOAY | C37: Diputado Nac. | D37: Humanista | E37: 252 | I37: 86 | J37: TOAY | K37: Diputado Nac. | L37: Humanista | M37: 206 | Q37: 27 | R37: EDUARDO CASTEX | S37: Gobernador | T37: Partido socialista | U37: 330
A38: 86 | B38: TOAY | C38: Diputado Nac. | D38: Partido de los Trabajadores Soc. | E38: 197 | I38: 86 | J38: TOAY | K38: Diputado Nac. | L38: Partido de los Trabajadores Soc. | M38: 210 | Q38: 27 | R38: EDUARDO CASTEX | S38: Gobernador | T38: Comunidad organizada | U38: 275
A39: 86 | B39: TOAY | C39: Diputado Nac. | D39: FREPAM | E39: 256 | I39: 86 | J39: TOAY | K39: Diputado Nac. | L39: FREPAM | M39: 241 | Q39: 27 | R39: EDUARDO CASTEX | S39: Gobernador | T39: Blanco | U39: 218
A40: 86 | B40: TOAY | C40: Diputado Nac. | D40: Izquierda al Frente por el Soc. | E40: 172 | I40: 86 | J40: TOAY | K40: Diputado Nac. | L40: Izquierda al Frente por el Soc. | M40: 181 | Q40: 27 | R40: EDUARDO CASTEX | S40: Gobernador | T40: Nulo | U40: 78
A41: 86 | B41: TOAY | C41: Diputado Nac. | D41: Cambiemos | E41: 3986 | I41: 86 | J41: TOAY | K41: Diputado Nac. | L41: Cambiemos | M41: 3908 | Q41: 27 | R41: EDUARDO CASTEX | S41: Gobernador | T41: Movimiento socialista de los trabajadores | U41: 26
A42: 86 | B42: TOAY | C42: Diputado Nac. | D42: Nulo | E42: 321 | I42: 86 | J42: TOAY | K42: Diputado Nac. | L42: Nulo | M42: 177 | Q42: 27 | R42: EDUARDO CASTEX | S42: Gobernador | T42: Desde el pie | U42: 21
A43: 86 | B43: TOAY | C43: Diputado Nac. | D43: Blanco | E43: 135 | F43: =SUM(E36:E43) -> 8997 | I43: 86 | J43: TOAY | K43: Diputado Nac. | L43: Blanco | M43: 82 | N43: 9390 | Q43: 27 | R43: EDUARDO CASTEX | S43: Gobernador | T43: Frente popular pampeano | U43: 13
A44: 61 | B44: CNIA. 25 DE MAYO | C44: Diputado Nac. | D44: PJ | E44: 2016 | G44: 7373 | I44: 61 | J44: CNIA. 25 DE MAYO | K44: Diputado Nac. | L44: PJ | M44: 2917 | O44: 7373 | Q44: 86 | R44: TOAY | S44: Gobernador | T44: PJ | U44: 5019 | V44: =SUM(U44:U53) -> 9440 | W44: 12746
A45: 61 | B45: CNIA. 25 DE MAYO | C45: Diputado Nac. | D45: Humanista | E45: 83 | I45: 61 | J45: CNIA. 25 DE MAYO | K45: Diputado Nac. | L45: Humanista | M45: 80 | Q45: 86 | R45: TOAY | S45: Gobernador | T45: Cambiemos - FREPAM | U45: 2167
A46: 61 | B46: CNIA. 25 DE MAYO | C46: Diputado Nac. | D46: Partido de los Trabajadores Soc. | E46: 57 | I46: 61 | J46: CNIA. 25 DE MAYO | K46: Diputado Nac. | L46: Partido de los Trabajadores Soc. | M46: 76 | Q46: 86 | R46: TOAY | S46: Gobernador | T46: Comunidad organizada | U46: 940
A47: 61 | B47: CNIA. 25 DE MAYO | C47: Diputado Nac. | D47: FREPAM | E47: 227 | I47: 61 | J47: CNIA. 25 DE MAYO | K47: Diputado Nac. | L47: FREPAM | M47: 157 | Q47: 86 | R47: TOAY | S47: Gobernador | T47: Pueblo Nuevo | U47: 352
A48: 61 | B48: CNIA. 25 DE MAYO | C48: Diputado Nac. | D48: Izquierda al Frente por el Soc. | E48: 140 | I48: 61 | J48: CNIA. 25 DE MAYO | K48: Diputado Nac. | L48: Izquierda al Frente por el Soc. | M48: 183 | Q48: 86 | R48: TOAY | S48: Gobernador | T48: Blanco | U48: 230
A49: 61 | B49: CNIA. 25 DE MAYO | C49: Diputado Nac. | D49: Cambiemos | E49: 2307 | I49: 61 | J49: CNIA. 25 DE MAYO | K49: Diputado Nac. | L49: Cambiemos | M49: 2391 | Q49: 86 | R49: TOAY | S49: Gobernador | T49: Frente popular pampeano | U49: 219
A50: 61 | B50: CNIA. 25 DE MAYO | C50: Diputado Nac. | D50: Nulo | E50: 297 | I50: 61 | J50: CNIA. 25 DE MAYO | K50: Diputado Nac. | L50: Nulo | M50: 153 | Q50: 86 | R50: TOAY | S50: Gobernador | T50: Partido socialista | U50: 204
A51: 61 | B51: CNIA. 25 DE MAYO | C51: Diputado Nac. | D51: Blanco | E51: 115 | F51: =SUM(E44:E51) -> 5242 | I51: 61 | J51: CNIA. 25 DE MAYO | K51: Diputado Nac. | L51: Blanco | M51: 58 | N51: 6015 | Q51: 86 | R51: TOAY | S51: Gobernador | T51: Nulo | U51: 110
A52: 22 | B52: INT. ALVEAR | C52: Diputado Nac. | D52: PJ | E52: 1706 | G52: 7072 | I52: 22 | J52: INT. ALVEAR | K52: Diputado Nac. | L52: PJ | M52: 2257 | O52: 7072 | Q52: 86 | R52: TOAY | S52: Gobernador | T52: Movimiento socialista de los trabajadores | U52: 106
A53: 22 | B53: INT. ALVEAR | C53: Diputado Nac. | D53: Humanista | E53: 65 | I53: 22 | J53: INT. ALVEAR | K53: Diputado Nac. | L53: Humanista | M53: 54 | Q53: 86 | R53: TOAY | S53: Gobernador | T53: Desde el pie | U53: 93
A54: 22 | B54: INT. ALVEAR | C54: Diputado Nac. | D54: Partido de los Trabajadores Soc. | E54: 40 | I54: 22 | J54: INT. ALVEAR | K54: Diputado Nac. | L54: Partido de los Trabajadores Soc. | M54: 61 | Q54: 61 | R54: CNIA. 25 DE MAYO | S54: Gobernador | T54: PJ | U54: 2913 | V54: =SUM(U54:U63) -> 6036
A55: 22 | B55: INT. ALVEAR | C55: Diputado Nac. | D55: FREPAM | E55: 182 | I55: 22 | J55: INT. ALVEAR | K55: Diputado Nac. | L55: FREPAM | M55: 178 | Q55: 61 | R55: CNIA. 25 DE MAYO | S55: Gobernador | T55: Blanco | U55: 1490
A56: 22 | B56: INT. ALVEAR | C56: Diputado Nac. | D56: Izquierda al Frente por el Soc. | E56: 77 | I56: 22 | J56: INT. ALVEAR | K56: Diputado Nac. | L56: Izquierda al Frente por el Soc. | M56: 85 | Q56: 61 | R56: CNIA. 25 DE MAYO | S56: Gobernador | T56: Cambiemos - FREPAM | U56: 1051
A57: 22 | B57: INT. ALVEAR | C57: Diputado Nac. | D57: Cambiemos | E57: 3019 | I57: 22 | J57: INT. ALVEAR | K57: Diputado Nac. | L57: Cambiemos | M57: 2793 | Q57: 61 | R57: CNIA. 25 DE MAYO | S57: Gobernador | T57: Comunidad organizada | U57: 178
A58: 22 | B58: INT. ALVEAR | C58: Diputado Nac. | D58: Nulo | E58: 210 | I58: 22 | J58: INT. ALVEAR | K58: Diputado Nac. | L58: Nulo | M58: 89 | Q58: 61 | R58: CNIA. 25 DE MAYO | S58: Gobernador | T58: Pueblo Nuevo | U58: 159
A59: 22 | B59: INT. ALVEAR | C59: Diputado Nac. | D59: Blanco | E59: 76 | F59: =SUM(E52:E59) -> 5375 | I59: 22 | J59: INT. ALVEAR | K59: Diputado Nac. | L59: Blanco | M59: 50 | N59: 5567 | Q59: 61 | R59: CNIA. 25 DE MAYO | S59: Gobernador | T59: Nulo | U59: 116
A60: 82 | B60: REALICO | C60: Diputado Nac. | D60: PJ | E60: 1930 | G60: 6960 | I60: 48 | J60: VICTORICA | K60: Diputado Nac. | L60: PJ | M60: 1912 | O60: 5433 | Q60: 61 | R60: CNIA. 25 DE MAYO | S60: Gobernador | T60: Partido socialista | U60: 50
A61: 82 | B61: REALICO | C61: Diputado Nac. | D61: Humanista | E61: 64 | I61: 48 | J61: VICTORICA | K61: Diputado Nac. | L61: Humanista | M61: 30 | Q61: 61 | R61: CNIA. 25 DE MAYO | S61: Gobernador | T61: Desde el pie | U61: 28
A62: 82 | B62: REALICO | C62: Diputado Nac. | D62: Partido de los Trabajadores Soc. | E62: 56 | I62: 48 | J62: VICTORICA | K62: Diputado Nac. | L62: Partido de los Trabajadores Soc. | M62: 42 | Q62: 61 | R62: CNIA. 25 DE MAYO | S62: Gobernador | T62: Frente popular pampeano | U62: 28
A63: 82 | B63: REALICO | C63: Diputado Nac. | D63: FREPAM | E63: 126 | I63: 48 | J63: VICTORICA | K63: Diputado Nac. | L63: FREPAM | M63: 91 | Q63: 61 | R63: CNIA. 25 DE MAYO | S63: Gobernador | T63: Movimiento socialista de los trabajadores | U63: 23
A64: 82 | B64: REALICO | C64: Diputado Nac. | D64: Izquierda al Frente por el Soc. | E64: 90 | I64: 48 | J64: VICTORICA | K64: Diputado Nac. | L64: Izquierda al Frente por el Soc. | M64: 47 | Q64: 22 | R64: INT. ALVEAR | S64: Gobernador | T64: PJ | U64: 3109 | V64: =SUM(U64:U73) -> 5843
A65: 82 | B65: REALICO | C65: Diputado Nac. | D65: Cambiemos | E65: 2386 | I65: 48 | J65: VICTORICA | K65: Diputado Nac. | L65: Cambiemos | M65: 1844 | Q65: 22 | R65: INT. ALVEAR | S65: Gobernador | T65: Cambiemos - FREPAM | U65: 1590
A66: 82 | B66: REALICO | C66: Diputado Nac. | D66: Nulo | E66: 291 | I66: 48 | J66: VICTORICA | K66: Diputado Nac. | L66: Nulo | M66: 91 | Q66: 22 | R66: INT. ALVEAR | S66: Gobernador | T66: Blanco | U66: 678
A67: 82 | B67: REALICO | C67: Diputado Nac. | D67: Blanco | E67: 83 | F67: =SUM(E60:E67) -> 5026 | I67: 48 | J67: VICTORICA | K67: Diputado Nac. | L67: Blanco | M67: 39 | N67: 4096 | Q67: 22 | R67: INT. ALVEAR | S67: Gobernador | T67: Pueblo Nuevo | U67: 218
A68: 48 | B68: VICTORICA | C68: Diputado Nac. | D68: PJ | E68: 1695 | G68: 5433 | I68: 82 | J68: REALICO | K68: Diputado Nac. | L68: PJ | M68: 2177 | O68: 6960 | Q68: 22 | R68: INT. ALVEAR | S68: Gobernador | T68: Comunidad organizada | U68: 116
A69: 48 | B69: VICTORICA | C69: Diputado Nac. | D69: Humanista | E69: 34 | I69: 82 | J69: REALICO | K69: Diputado Nac. | L69: Humanista | M69: 51 | Q69: 22 | R69: INT. ALVEAR | S69: Gobernador | T69: Nulo | U69: 65
A70: 48 | B70: VICTORICA | C70: Diputado Nac. | D70: Partido de los Trabajadores Soc. | E70: 38 | I70: 82 | J70: REALICO | K70: Diputado Nac. | L70: Partido de los Trabajadores Soc. | M70: 63 | Q70: 22 | R70: INT. ALVEAR | S70: Gobernador | T70: Frente popular pampeano | U70: 34
A71: 48 | B71: VICTORICA | C71: Diputado Nac. | D71: FREPAM | E71: 175 | I71: 82 | J71: REALICO | K71: Diputado Nac. | L71: FREPAM | M71: 87 | Q71: 22 | R71: INT. ALVEAR | S71: Gobernador | T71: Partido socialista | U71: 14
A72: 48 | B72: VICTORICA | C72: Diputado Nac. | D72: Izquierda al Frente por el Soc. | E72: 49 | I72: 82 | J72: REALICO | K72: Diputado Nac. | L72: Izquierda al Frente por el Soc. | M72: 87 | Q72: 22 | R72: INT. ALVEAR | S72: Gobernador | T72: Desde el pie | U72: 11
A73: 48 | B73: VICTORICA | C73: Diputado Nac. | D73: Cambiemos | E73: 1681 | I73: 82 | J73: REALICO | K73: Diputado Nac. | L73: Cambiemos | M73: 2614 | Q73: 22 | R73: INT. ALVEAR | S73: Gobernador | T73: Movimiento socialista de los trabajadores | U73: 8
A74: 48 | B74: VICTORICA | C74: Diputado Nac. | D74: Nulo | E74: 205 | I74: 82 | J74: REALICO | K74: Diputado Nac. | L74: Nulo | M74: 124 | Q74: 82 | R74: REALICO | S74: Gobernador | T74: PJ | U74: 2815 | V74: =SUM(U74:U83) -> 5376
A75: 48 | B75: VICTORICA | C75: Diputado Nac. | D75: Blanco | E75: 61 | F75: =SUM(E68:E75) -> 3938 | I75: 82 | J75: REALICO | K75: Diputado Nac. | L75: Blanco | M75: 47 | N75: 5250 | Q75: 82 | R75: REALICO | S75: Gobernador | T75: Cambiemos - FREPAM | U75: 1829
A76: 36 | B76: GUATRACHE | C76: Diputado Nac. | D76: PJ | E76: 751 | G76: 4249 | I76: 2 | J76: MACACHIN | K76: Diputado Nac. | L76: PJ | M76: 1806 | O76: 4555 | Q76: 82 | R76: REALICO | S76: Gobernador | T76: Frente popular pampeano | U76: 188
A77: 36 | B77: GUATRACHE | C77: Diputado Nac. | D77: Humanista | E77: 32 | I77: 2 | J77: MACACHIN | K77: Diputado Nac. | L77: Humanista | M77: 31 | Q77: 82 | R77: REALICO | S77: Gobernador | T77: Pueblo Nuevo | U77: 152
A78: 36 | B78: GUATRACHE | C78: Diputado Nac. | D78: Partido de los Trabajadores Soc. | E78: 28 | I78: 2 | J78: MACACHIN | K78: Diputado Nac. | L78: Partido de los Trabajadores Soc. | M78: 33 | Q78: 82 | R78: REALICO | S78: Gobernador | T78: Blanco | U78: 141
A79: 36 | B79: GUATRACHE | C79: Diputado Nac. | D79: FREPAM | E79: 56 | I79: 2 | J79: MACACHIN | K79: Diputado Nac. | L79: FREPAM | M79: 53 | Q79: 82 | R79: REALICO | S79: Gobernador | T79: Comunidad organizada | U79: 109
A80: 36 | B80: GUATRACHE | C80: Diputado Nac. | D80: Izquierda al Frente por el Soc. | E80: 62 | I80: 2 | J80: MACACHIN | K80: Diputado Nac. | L80: Izquierda al Frente por el Soc. | M80: 42 | Q80: 82 | R80: REALICO | S80: Gobernador | T80: Nulo | U80: 70
A81: 36 | B81: GUATRACHE | C81: Diputado Nac. | D81: Cambiemos | E81: 1718 | I81: 2 | J81: MACACHIN | K81: Diputado Nac. | L81: Cambiemos | M81: 1721 | Q81: 82 | R81: REALICO | S81: Gobernador | T81: Partido socialista | U81: 31
A82: 36 | B82: GUATRACHE | C82: Diputado Nac. | D82: Nulo | E82: 78 | I82: 2 | J82: MACACHIN | K82: Diputado Nac. | L82: Nulo | M82: 61 | Q82: 82 | R82: REALICO | S82: Gobernador | T82: Movimiento socialista de los trabajadores | U82: 21
A83: 36 | B83: GUATRACHE | C83: Diputado Nac. | D83: Blanco | E83: 118 | F83: =SUM(E76:E83) -> 2843 | I83: 2 | J83: MACACHIN | K83: Diputado Nac. | L83: Blanco | M83: 44 | N83: 3791 | Q83: 82 | R83: REALICO | S83: Gobernador | T83: Desde el pie | U83: 20
A84: 2 | B84: MACACHIN | C84: Diputado Nac. | D84: PJ | E84: 1490 | G84: 4555 | I84: 36 | J84: GUATRACHE | K84: Diputado Nac. | L84: PJ | M84: 987 | O84: 4249 | Q84: 48 | R84: VICTORICA | S84: Gobernador | T84: PJ | U84: 2268 | V84: =SUM(U84:U93) -> 4524
A85: 2 | B85: MACACHIN | C85: Diputado Nac. | D85: Humanista | E85: 35 | I85: 36 | J85: GUATRACHE | K85: Diputado Nac. | L85: Humanista | M85: 46 | Q85: 48 | R85: VICTORICA | S85: Gobernador | T85: Cambiemos - FREPAM | U85: 954
A86: 2 | B86: MACACHIN | C86: Diputado Nac. | D86: Partido de los Trabajadores Soc. | E86: 24 | I86: 36 | J86: GUATRACHE | K86: Diputado Nac. | L86: Partido de los Trabajadores Soc. | M86: 32 | Q86: 48 | R86: VICTORICA | S86: Gobernador | T86: Blanco | U86: 829
A87: 2 | B87: MACACHIN | C87: Diputado Nac. | D87: FREPAM | E87: 48 | I87: 36 | J87: GUATRACHE | K87: Diputado Nac. | L87: FREPAM | M87: 59 | Q87: 48 | R87: VICTORICA | S87: Gobernador | T87: Comunidad organizada | U87: 157
A88: 2 | B88: MACACHIN | C88: Diputado Nac. | D88: Izquierda al Frente por el Soc. | E88: 51 | I88: 36 | J88: GUATRACHE | K88: Diputado Nac. | L88: Izquierda al Frente por el Soc. | M88: 54 | Q88: 48 | R88: VICTORICA | S88: Gobernador | T88: Pueblo Nuevo | U88: 127
A89: 2 | B89: MACACHIN | C89: Diputado Nac. | D89: Cambiemos | E89: 1846 | I89: 36 | J89: GUATRACHE | K89: Diputado Nac. | L89: Cambiemos | M89: 1730 | Q89: 48 | R89: VICTORICA | S89: Gobernador | T89: Partido socialista | U89: 93
A90: 2 | B90: MACACHIN | C90: Diputado Nac. | D90: Nulo | E90: 132 | I90: 36 | J90: GUATRACHE | K90: Diputado Nac. | L90: Nulo | M90: 44 | Q90: 48 | R90: VICTORICA | S90: Gobernador | T90: Nulo | U90: 42
A91: 2 | B91: MACACHIN | C91: Diputado Nac. | D91: Blanco | E91: 40 | F91: =SUM(E84:E91) -> 3666 | I91: 36 | J91: GUATRACHE | K91: Diputado Nac. | L91: Blanco | M91: 57 | N91: 3009 | Q91: 48 | R91: VICTORICA | S91: Gobernador | T91: Frente popular pampeano | U91: 27
A92: 81 | B92: ING. LUIGGI | C92: Diputado Nac. | D92: PJ | E92: 1420 | G92: 4220 | I92: 81 | J92: ING. LUIGGI | K92: Diputado Nac. | L92: PJ | M92: 1528 | O92: 4220 | Q92: 48 | R92: VICTORICA | S92: Gobernador | T92: Movimiento socialista de los trabajadores | U92: 14
A93: 81 | B93: ING. LUIGGI | C93: Diputado Nac. | D93: Humanista | E93: 23 | I93: 81 | J93: ING. LUIGGI | K93: Diputado Nac. | L93: Humanista | M93: 27 | Q93: 48 | R93: VICTORICA | S93: Gobernador | T93: Desde el pie | U93: 13
A94: 81 | B94: ING. LUIGGI | C94: Diputado Nac. | D94: Partido de los Trabajadores Soc. | E94: 18 | I94: 81 | J94: ING. LUIGGI | K94: Diputado Nac. | L94: Partido de los Trabajadores Soc. | M94: 21 | Q94: 36 | R94: GUATRACHE | S94: Gobernador | T94: Cambiemos - FREPAM | U94: 1490 | V94: =SUM(U94:U103) -> 2909
A95: 81 | B95: ING. LUIGGI | C95: Diputado Nac. | D95: FREPAM | E95: 79 | I95: 81 | J95: ING. LUIGGI | K95: Diputado Nac. | L95: FREPAM | M95: 44 | Q95: 36 | R95: GUATRACHE | S95: Gobernador | T95: PJ | U95: 966
A96: 81 | B96: ING. LUIGGI | C96: Diputado Nac. | D96: Izquierda al Frente por el Soc. | E96: 38 | I96: 81 | J96: ING. LUIGGI | K96: Diputado Nac. | L96: Izquierda al Frente por el Soc. | M96: 40 | Q96: 36 | R96: GUATRACHE | S96: Gobernador | T96: Comunidad organizada | U96: 221
A97: 81 | B97: ING. LUIGGI | C97: Diputado Nac. | D97: Cambiemos | E97: 1448 | I97: 81 | J97: ING. LUIGGI | K97: Diputado Nac. | L97: Cambiemos | M97: 1599 | Q97: 36 | R97: GUATRACHE | S97: Gobernador | T97: Blanco | U97: 92
A98: 81 | B98: ING. LUIGGI | C98: Diputado Nac. | D98: Nulo | E98: 133 | I98: 81 | J98: ING. LUIGGI | K98: Diputado Nac. | L98: Nulo | M98: 53 | Q98: 36 | R98: GUATRACHE | S98: Gobernador | T98: Pueblo Nuevo | U98: 68
A99: 81 | B99: ING. LUIGGI | C99: Diputado Nac. | D99: Blanco | E99: 50 | F99: =SUM(E92:E99) -> 3209 | I99: 81 | J99: ING. LUIGGI | K99: Diputado Nac. | L99: Blanco | M99: 25 | N99: 3337 | Q99: 36 | R99: GUATRACHE | S99: Gobernador | T99: Nulo | U99: 26
A100: 13 | B100: CATRILO | C100: Diputado Nac. | D100: PJ | E100: 1374 | G100: 3818 | I100: 13 | J100: CATRILO | K100: Diputado Nac. | L100: PJ | M100: 1514 | O100: 3818 | Q100: 36 | R100: GUATRACHE | S100: Gobernador | T100: Partido socialista | U100: 18
A101: 13 | B101: CATRILO | C101: Diputado Nac. | D101: Humanista | E101: 18 | I101: 13 | J101: CATRILO | K101: Diputado Nac. | L101: Humanista | M101: 28 | Q101: 36 | R101: GUATRACHE | S101: Gobernador | T101: Frente popular pampeano | U101: 13
...

Sheet Resumen
A1: Paso 2017 | H1: PASO 2021 | J1: PASO 2021
A2: Circuito | B2: SANTA ROSA | C2: Categoria | D2: Destino | E2: Cantidad | F2: TOTAL | G2: PADRON | H2: Votos Senadores | I2: Total | J2: Votos Diputados | K2: Total | L2: Padron
A3: 9 y 10 | B3: SANTA ROSA | C3: Diputado Nac. | D3: PJ | E3: 22866 | F3: =+E3+E4+E5+E6 -> 65254 | G3: 90619 | H3: 24519 | I3: =+H3+H4+H5 -> 59058 | J3: 24632 | K3: =+J3+J4+J5 -> 59097 | L3: 93172 | M3: 1
A4: 9 y 10 | B4: SANTA ROSA | C4: Diputado Nac. | D4: Cambiemos | E4: 30769 | H4: 26837 | J4: 26751
A5: 9 y 10 | B5: SANTA ROSA | C5: Diputado Nac. | D5: Otros | E5: =+'Votos por partido'!E5+'Votos por partido'!E6+'Votos por partido'!E7+'Votos por partido'!E8 -> 8313 | H5: 7702 | J5: 7714
A6: 9 y 10 | B6: SANTA ROSA | C6: Diputado Nac. | D6: Nulos y blancos | E6: =+'Votos por partido'!E10+'Votos por partido'!E11 -> 3306
A7: 58 | B7: Gral Pico | C7: Diputado Nac. | D7: PJ | E7: =+'Votos por partido'!E12 -> 11755 | F7: =+E7+E8+E9+E10 -> 37683 | G7: =+'Votos por partido'!G12 -> 50143 | H7: 11694 | I7: =+H7+H8+H9 -> 34455 | J7: 11681 | K7: =+J7+J8+J9 -> 34372 | L7: 51731 | M7: 2
A8: 58 | B8: Gral Pico | C8: Diputado Nac. | D8: Cambiemos | E8: =+'Votos por partido'!E17 -> 18453 | H8: 18739 | J8: 18714
A9: 58 | B9: Gral Pico | C9: Diputado Nac. | D9: Otros | E9: =+'Votos por partido'!E13+'Votos por partido'!E14+'Votos por partido'!E15+'Votos por partido'!E16 -> 5338 | H9: 4022 | J9: 3977
A10: 58 | B10: Gral Pico | C10: Diputado Nac. | D10: Nulos y blancos | E10: =+'Votos por partido'!E18+'Votos por partido'!E19 -> 2137
A11: 93 | B11: Gral Acha | C11: Diputado Nac. | D11: PJ | E11: =+'Votos por partido'!E20 -> 2319 | F11: =+E11+E12+E13+E14 -> 8132 | G11: =+'Votos por partido'!G20 -> 11653 | H11: 2257 | I11: =+H11+H12+H13 -> 7400 | J11: 2253 | K11: =+J11+J12+J13 -> 7676 | L11: 11993 | M11: 3
A12: 93 | B12: Gral Acha | C12: Diputado Nac. | D12: Cambiemos | E12: =+'Votos por partido'!E25 -> 4528 | H12: 4457 | J12: 4733
A13: 93 | B13: Gral Acha | C13: Diputado Nac. | D13: Otros | E13: =+'Votos por partido'!E21+'Votos por partido'!E22+'Votos por partido'!E23+'Votos por partido'!E24 -> 618 | H13: 686 | J13: 690
A14: 93 | B14: Gral Acha | C14: Diputado Nac. | D14: Nulos y blancos | E14: =+'Votos por partido'!E26+'Votos por partido'!E27 -> 667
A15: 27 | B15: E. Castex | C15: Diputado Nac. | D15: PJ | E15: =+'Votos por partido'!E28 -> 2488 | F15: =+E15+E16+E17+E18 -> 6505 | G15: =+'Votos por partido'!G28 -> 8766 | H15: 1944 | I15: =+H15+H16+H17 -> 5599 | J15: 1943 | K15: =+J15+J16+J17 -> 5565 | L15: 8903 | M15: 4
A16: 27 | B16: E. Castex | C16: Diputado Nac. | D16: Cambiemos | E16: =+'Votos por partido'!E33 -> 3130 | H16: 3233 | J16: 3196
A17: 27 | B17: E. Castex | C17: Diputado Nac. | D17: Otros | E17: =+'Votos por partido'!E29+'Votos por partido'!E30+'Votos por partido'!E31+'Votos por partido'!E32 -> 502 | H17: 422 | J17: 426
A18: 27 | B18: E. Castex | C18: Diputado Nac. | D18: Nulos y blancos | E18: =+'Votos por partido'!E34+'Votos por partido'!E35 -> 385
A19: 86 | B19: Toay | C19: Diputado Nac. | D19: PJ | E19: =+'Votos por partido'!E36 -> 3678 | F19: =+E19+E20+E21+E22 -> 8997 | G19: =+'Votos por partido'!G36 -> 12268 | H19: 3586 | I19: =+H19+H20+H21 -> 9000 | J19: 3587 | K19: =+J19+J20+J21 -> 8979 | L19: 14128 | M19: 5
A20: 86 | B20: Toay | C20: Diputado Nac. | D20: Cambiemos | E20: =+'Votos por partido'!E41 -> 3986 | H20: 4355 | J20: 4335
A21: 86 | B21: Toay | C21: Diputado Nac. | D21: Otros | E21: =+'Votos por partido'!E37+'Votos por partido'!E38+'Votos por partido'!E39+'Votos por partido'!E40 -> 877 | H21: 1059 | J21: 1057
A22: 86 | B22: Toay | C22: Diputado Nac. | D22: Nulos y blancos | E22: =+'Votos por partido'!E42+'Votos por partido'!E43 -> 456
A23: 61 | B23: CNIA. 25 DE MAYO | C23: Diputado Nac. | D23: PJ | E23: =+'Votos por partido'!E44 -> 2016 | F23: =E25+E26+E23+E24 -> 5242 | G23: 7373 | H23: =+'2021'!B52 -> 2084 | I23: =SUM(H23:H26) -> 5176 | J23: =+'2021'!D52 -> 2071 | K23: =SUM(J23:J26) -> 5207 | L23: =SUM(L23:L26) -> 0 | M23: 6
A24: 61 | B24: CNIA. 25 DE MAYO | C24: Diputado Nac. | D24: Cambiemos | E24: =+'Votos por partido'!E49 -> 2307 | H24: =+'2021'!B50 -> 2585 | J24: =+'2021'!D50 -> 2600
A25: 61 | B25: CNIA. 25 DE MAYO | C25: Diputado Nac. | D25: Otros | E25: =+'Votos por partido'!E45+'Votos por partido'!E46+'Votos por partido'!E47+'Votos por partido'!E48 -> 507 | H25: =+'2021'!B54 -> 507 | J25: =+'2021'!D54 -> 536
A26: 61 | B26: CNIA. 25 DE MAYO | C26: Diputado Nac. | D26: Nulos y blancos | E26: =+'Votos por partido'!E50+'Votos por partido'!E51 -> 412
A27: 22 | B27: INT. ALVEAR | C27: Diputado Nac. | D27: PJ | E27: =+'Votos por partido'!E52 -> 1706 | F27: =+E27+E28+E29+E30 -> 5375 | G27: 7072 | H27: =+'2021'!B61 -> 2088 | I27: =SUM(H27:H30) -> 4996 | J27: =+'2021'!D61 -> 2114 | K27: =SUM(J27:J30) -> 4740 | L27: =SUM(L27:L30) -> 0 | M27: 7
A28: 22 | B28: INT. ALVEAR | D28: Cambiemos | E28: =+'Votos por partido'!E57 -> 3019 | H28: =+'2021'!B59 -> 2630 | J28: =+'2021'!D59 -> 2626
A29: 22 | B29: INT. ALVEAR | D29: Otros | E29: =+'Votos por partido'!E53+'Votos por partido'!E54+'Votos por partido'!E55+'Votos por partido'!E56 -> 364 | H29: =+'2021'!B63 -> 278
A30: 22 | B30: INT. ALVEAR | D30: Nulos y blancos | E30: =+'Votos por partido'!E58+'Votos por partido'!E59 -> 286
A31: 82 | B31: Realico | D31: PJ | E31: =+'Votos por partido'!E60 -> 1930 | F31: =SUM(E31:E34) -> 5026 | G31: 6960 | H31: =+'2021'!B79 -> 1623 | I31: =SUM(H31:H34) -> 4623 | J31: =+'2021'!D79 -> 1630 | K31: =SUM(J31:J34) -> 4618 | L31: =SUM(L31:L34) -> 0 | M31: 8
A32: 82 | B32: Realico | D32: Cambiemos | E32: =+'Votos por partido'!E65 -> 2386 | H32: =+'2021'!B77 -> 2746 | J32: =+'2021'!D77 -> 2735
A33: 82 | B33: Realico | D33: Otros | E33: =+'Votos por partido'!E61+'Votos por partido'!E62+'Votos por partido'!E63+'Votos por partido'!E64 -> 336 | H33: =+'2021'!B81 -> 254 | J33: =+'2021'!D81 -> 253
A34: 82 | B34: Realico | D34: Nulos y blancos | E34: =+'Votos por partido'!E66+'Votos por partido'!E67 -> 374
A35: 48 | B35: Victorica | D35: PJ | E35: =+'Votos por partido'!E68 -> 1695 | F35: =SUM(E35:E38) -> 3938 | G35: 5433 | H35: =+'2021'!B88 -> 1595 | I35: =SUM(H35:H38) -> 3509 | J35: =+'2021'!D88 -> 1619 | K35: =SUM(J35:J38) -> 3537 | L35: =SUM(L35:L38) -> 0 | M35: 9
A36: 48 | B36: Victorica | D36: Cambiemos | E36: =+'Votos por partido'!E73 -> 1681 | H36: =+'2021'!B86 -> 1590 | J36: =+'2021'!D86 -> 1616
A37: 48 | B37: Victorica | D37: Otros | E37: =+'Votos por partido'!E69+'Votos por partido'!E70+'Votos por partido'!E71+'Votos por partido'!E72 -> 296 | H37: =+'2021'!B90 -> 324 | J37: =+'2021'!D90 -> 302
A38: 48 | B38: Victorica | D38: Nulos y blancos | E38: =+'Votos por partido'!E74+'Votos por partido'!E75 -> 266
A39: 36 | B39: Guatrache | D39: PJ | E39: =+'Votos por partido'!E76 -> 751 | F39: =SUM(E39:E42) -> 2843 | G39: 4249 | H39: =+'2021'!B97 -> 639 | I39: =SUM(H39:H42) -> 2437 | J39: =+'2021'!D97 -> 640 | K39: =SUM(J39:J42) -> 2442 | L39: =SUM(L39:L42) -> 0 | M39: 10
A40: 36 | B40: Guatrache | D40: Cambiemos | E40: =+'Votos por partido'!E81 -> 1718 | H40: =+'2021'!B95 -> 1566 | J40: =+'2021'!D95 -> 1570
A41: 36 | B41: Guatrache | D41: Otros | E41: =+'Votos por partido'!E77+'Votos por partido'!E78+'Votos por partido'!E79+'Votos por partido'!E80 -> 178 | H41: =+'2021'!B99 -> 232 | J41: =+'2021'!D99 -> 232
A42: 36 | B42: Guatrache | D42: Nulos y blancos | E42: =+'Votos por partido'!E82+'Votos por partido'!E83 -> 196
A43: 2 | B43: Macachín | D43: PJ | E43: =+'Votos por partido'!E84 -> 1490 | F43: =SUM(E43:E46) -> 3666 | G43: 4555 | H43: =+'2021'!B106 -> 1319 | I43: =SUM(H43:H46) -> 3227 | J43: =+'2021'!D106 -> 1329 | K43: =SUM(J43:J46) -> 3233 | L43: =SUM(L43:L46) -> 0 | M43: 11
A44: 2 | B44: Macachín | D44: Cambiemos | E44: =+'Votos por partido'!E89 -> 1846 | H44: =+'2021'!B104 -> 1708 | J44: =+'2021'!D104 -> 1704
A45: 2 | B45: Macachín | D45: Otros | E45: =+'Votos por partido'!E85+'Votos por partido'!E86+'Votos por partido'!E87+'Votos por partido'!E88 -> 158 | H45: =+'2021'!B108 -> 200 | J45: =+'2021'!D108 -> 200
A46: 2 | B46: Macachín | D46: Nulos y blancos | E46: =+'Votos por partido'!E90+'Votos por partido'!E91 -> 172
A47: 81 | B47: ING. LUIGGI | D47: PJ | E47: =+'Votos por partido'!E92 -> 1420 | F47: =SUM(E47:E50) -> 3209 | G47: 4220 | H47: =+'2021'!B70 -> 1275 | I47: =SUM(H47:H50) -> 2887 | J47: =+'2021'!D70+'2021'!D70 -> 2560 | K47: =SUM(J47:J50) -> 4176 | L47: =SUM(L47:L50) -> 0 | M47: 12
A48: 81 | B48: ING. LUIGGI | D48: Cambiemos | E48: =+'Votos por partido'!E97 -> 1448 | H48: =+'2021'!B68 -> 1441 | J48: =+'2021'!D68 -> 1443
A49: 81 | B49: ING. LUIGGI | D49: Otros | E49: =+'Votos por partido'!E93+'Votos por partido'!E94+'Votos por partido'!E95+'Votos por partido'!E96 -> 158 | H49: =+'2021'!B72 -> 171 | J49: =+'2021'!D72 -> 173
A50: 81 | B50: ING. LUIGGI | D50: Nulos y blancos | E50: =+'Votos por partido'!E98+'Votos por partido'!E99 -> 183
A51: 13 | B51: Catrilo | D51: PJ | E51: =+'Votos por partido'!E100 -> 1374 | F51: =SUM(E51:E54) -> 2931 | G51: 3818 | H51: =+'2021'!B115 -> 1179 | I51: =SUM(H51:H54) -> 2725 | J51: =+'2021'!D115 -> 1187 | K51: =SUM(J51:J54) -> 2743 | L51: =SUM(L51:L54) -> 0 | M51: 13
A52: 13 | B52: Catrilo | D52: Cambiemos | E52: =+'Votos por partido'!E105 -> 1331 | H52: =+'2021'!B113 -> 1372 | J52: =+'2021'!D113 -> 1378
A53: 13 | B53: Catrilo | D53: Otros | E53: =+'Votos por partido'!E101+'Votos por partido'!E102+'Votos por partido'!E103+'Votos por partido'!E104 -> 100 | H53: =+'2021'!B117 -> 174 | J53: =+'2021'!D117 -> 178
A54: 13 | B54: Catrilo | D54: Nulos y blancos | E54: =+'Votos por partido'!E106+'Votos por partido'!E107 -> 126
A55: 65 | B55: Quemú Quemú | D55: PJ | E55: =+'Votos por partido'!E108 -> 899 | F55: =SUM(E55:E58) -> 2528 | G55: 3453 | H55: 604 | I55: =SUM(H55:H58) -> 2280 | J55: 611 | K55: =SUM(J55:J58) -> 2287 | L55: =SUM(L55:L58) -> 0 | M55: 14
A56: 65 | B56: Quemú Quemú | D56: Cambiemos | E56: =+'Votos por partido'!E113 -> 1346 | H56: 1481 | J56: 1484
A57: 65 | B57: Quemú Quemú | D57: Otros | E57: =+'Votos por partido'!E109+'Votos por partido'!E110+'Votos por partido'!E111+'Votos por partido'!E112 -> 169 | H57: =104+46+45 -> 195 | J57: =104+45+43 -> 192
A58: 65 | B58: Quemú Quemú | D58: Nulos y blancos | E58: =+'Votos por partido'!E114+'Votos por partido'!E115 -> 114
F59: =SUM(F3:F58) -> 161329 | G59: =SUM(G3:G58) -> 220582 | I59: =SUM(I3:I58) -> 147372 | K59: =SUM(K3:K58) -> 148672 | L59: =+L3+L7+L11+L15+L19 -> 179927
A62: GENERAL 2017 | H62: GENERAL 2019
A63: Circuito | B63: SANTA ROSA | C63: Categoria | D63: Destino | E63: Cantidad | F63: TOTAL | G63: PADRON | H63: Cantidad | J63: Total | L63: PADRÓN
A64: 9 y 10 | B64: SANTA ROSA | C64: Diputado Nac. | D64: PJ | E64: =+'Votos por partido'!M4 -> 29146 | F64: =+E64+E65++E66+E67 -> 68189 | G64: =+'Votos por partido'!O4 -> 90619 | H64: =+'Votos por partido'!U4 -> 33285 | J64: =+H64+H65+H66+H67 -> 65565 | L64: 90434
A65: 9 y 10 | B65: SANTA ROSA | C65: Diputado Nac. | D65: Cambiemos | E65: =+'Votos por partido'!M9 -> 28965 | H65: =+'Votos por partido'!U5 -> 16400
A66: 9 y 10 | B66: SANTA ROSA | C66: Diputado Nac. | D66: Otros | E66: =+'Votos por partido'!M5+'Votos por partido'!M6+'Votos por partido'!M7+'Votos por partido'!M8 -> 8080 | H66: =+'Votos por partido'!U6+'Votos por partido'!U7+'Votos por partido'!U9+'Votos por partido'!U10+'Votos por partido'!U12+'Votos por partido'!U13 -> 13373
A67: 9 y 10 | B67: SANTA ROSA | C67: Diputado Nac. | D67: Nulos y blancos | E67: =+'Votos por partido'!M10+'Votos por partido'!M11 -> 1998 | H67: =+'Votos por partido'!U8+'Votos por partido'!U11 -> 2507
A68: 58 | B68: Gral Pico | C68: Diputado Nac. | D68: PJ | E68: =+'Votos por partido'!M12 -> 16967 | F68: =+E68+E69+E70+E71 -> 39754 | G68: =+'Votos por partido'!O12 -> 50143 | H68: =+'Votos por partido'!U14 -> 18299 | J68: =+H68+H69+H70+H71 -> 38282 | L68: 50004
A69: 58 | B69: Gral Pico | C69: Diputado Nac. | D69: Cambiemos | E69: =+'Votos por partido'!M17 -> 16986 | H69: =+'Votos por partido'!U15 -> 11117
A70: 58 | B70: Gral Pico | C70: Diputado Nac. | D70: Otros | E70: =+'Votos por partido'!M13+'Votos por partido'!M14+'Votos por partido'!M15+'Votos por partido'!M16 -> 4703 | H70: =+'Votos por partido'!U16+'Votos por partido'!U18+'Votos por partido'!U19+'Votos por partido'!U20+'Votos por partido'!U21+'Votos por partido'!U23 -> 6349
A71: 58 | B71: Gral Pico | C71: Diputado Nac. | D71: Nulos y blancos | E71: =+'Votos por partido'!M18+'Votos por partido'!M19 -> 1098 | H71: =+'Votos por partido'!U17+'Votos por partido'!U22 -> 2517
A72: 93 | B72: Gral Acha | C72: Diputado Nac. | D72: PJ | E72: =+'Votos por partido'!M20 -> 3096 | F72: =+E72+E73+E74+E75 -> 8584 | G72: =+'Votos por partido'!O20 -> 11653 | H72: =+'Votos por partido'!U24 -> 3191 | J72: =+H72+H73+H74+H75 -> 8822 | L72: 11574
A73: 93 | B73: Gral Acha | C73: Diputado Nac. | D73: Cambiemos | E73: =+'Votos por partido'!M25 -> 4527 | H73: =+'Votos por partido'!U25 -> 2793
A74: 93 | B74: Gral Acha | C74: Diputado Nac. | D74: Otros | E74: =+'Votos por partido'!M21+'Votos por partido'!M22+'Votos por partido'!M23+'Votos por partido'!M24 -> 610 | H74: =+'Votos por partido'!U27+'Votos por partido'!U28+'Votos por partido'!U29+'Votos por partido'!U30+'Votos por partido'!U32+'Votos por partido'!U33 -> 1221
A75: 93 | B75: Gral Acha | C75: Diputado Nac. | D75: Nulos y blancos | E75: =+'Votos por partido'!M26+'Votos por partido'!M27 -> 351 | H75: =+'Votos por partido'!U26+'Votos por partido'!U31 -> 1617
A76: 27 | B76: E. Castex | C76: Diputado Nac. | D76: PJ | E76: =+'Votos por partido'!M28 -> 3101 | F76: =+E76+E77+E78+E79 -> 6766 | G76: =+'Votos por partido'!O28 -> 8766 | H76: =+'Votos por partido'!U34 -> 2903 | J76: =+H76+H77+H78+H79 -> 6934 | L76: 8731
A77: 27 | B77: E. Castex | C77: Diputado Nac. | D77: Cambiemos | E77: =+'Votos por partido'!M33 -> 3052 | H77: =+'Votos por partido'!U35 -> 2680
A78: 27 | B78: E. Castex | C78: Diputado Nac. | D78: Otros | E78: =+'Votos por partido'!M29+'Votos por partido'!M30+'Votos por partido'!M31+'Votos por partido'!M32 -> 388 | H78: =+'Votos por partido'!U36+'Votos por partido'!U37+'Votos por partido'!U38+'Votos por partido'!U41+'Votos por partido'!U42+'Votos por partido'!U43 -> 1055
A79: 27 | B79: E. Castex | C79: Diputado Nac. | D79: Nulos y blancos | E79: =+'Votos por partido'!M34+'Votos por partido'!M35 -> 225 | H79: =+'Votos por partido'!U39+'Votos por partido'!U40 -> 296
A80: 86 | B80: Toay | C80: Diputado Nac. | D80: PJ | E80: =+'Votos por partido'!M36 -> 4385 | F80: =+E80+E81+E82+E83 -> 9390 | G80: =+'Votos por partido'!O36 -> 12268 | H80: =+'Votos por partido'!U44 -> 5019 | J80: =+H80+H81+H82+H83 -> 9440 | L80: 12746
A81: 86 | B81: Toay | C81: Diputado Nac. | D81: Cambiemos | E81: =+'Votos por partido'!M41 -> 3908 | H81: =+'Votos por partido'!U45 -> 2167
A82: 86 | B82: Toay | C82: Diputado Nac. | D82: Otros | E82: =+'Votos por partido'!M37+'Votos por partido'!M38+'Votos por partido'!M39+'Votos por partido'!M40 -> 838 | H82: =+'Votos por partido'!U46+'Votos por partido'!U47+'Votos por partido'!U49+'Votos por partido'!U50+'Votos por partido'!U52+'Votos por partido'!U53 -> 1914
A83: 86 | B83: Toay | C83: Diputado Nac. | D83: Nulos y blancos | E83: =+'Votos por partido'!M42+'Votos por partido'!M43 -> 259 | H83: =+'Votos por partido'!U48+'Votos por partido'!U51 -> 340
B84: 25 de Mayo | D84: PJ | E84: =+'Votos por partido'!M44 -> 2917 | F84: =+E84+E85+E86+E87 -> 6015 | G84: 7072 | H84: =+'Votos por partido'!U54 -> 2913 | J84: =SUM(H84:I87) -> 6036
B85: 25 de Mayo | D85: Cambiemos | E85: =+'Votos por partido'!M49 -> 2391 | H85: =+'Votos por partido'!U56 -> 1051
B86: 25 de Mayo | D86: Otros | E86: =+'Votos por partido'!M45+'Votos por partido'!M46+'Votos por partido'!M47+'Votos por partido'!M48 -> 496 | H86: =+'Votos por partido'!U57+'Votos por partido'!U58+'Votos por partido'!U60+'Votos por partido'!U61+'Votos por partido'!U62+'Votos por partido'!U63 -> 466
B87: 25 de Mayo | D87: Nulos y blancos | E87: =+'Votos por partido'!M50+'Votos por partido'!M51 -> 211 | H87: =+'Votos por partido'!U55+'Votos por partido'!U59 -> 1606
A88: 48 | B88: Victorica | D88: PJ | E88: =+'Votos por partido'!M60 -> 1912 | F88: =+E88+E89+E90+E91 -> 4096 | G88: 5433 | H88: =+'Votos por partido'!U84 -> 2268 | J88: =+H88+H89+H90+H91 -> 4524
A89: 48 | B89: Victorica | D89: Cambiemos | E89: =+'Votos por partido'!M65 -> 1844 | H89: =+'Votos por partido'!U85 -> 954
A90: 48 | B90: Victorica | D90: Otros | E90: =+'Votos por partido'!M61+'Votos por partido'!M62++'Votos por partido'!M63+'Votos por partido'!M64 -> 210 | H90: =+'Votos por partido'!U87+'Votos por partido'!U88+'Votos por partido'!U89+'Votos por partido'!U91+'Votos por partido'!U92+'Votos por partido'!U93 -> 431
A91: 48 | B91: Victorica | D91: Nulos y blancos | E91: 130 | H91: =+'Votos por partido'!U86+'Votos por partido'!U90 -> 871
A92: 22 | B92: Int. Alvear | D92: PJ | E92: =+'Votos por partido'!M52 -> 2257 | F92: =+E92+E93+E94+E95 -> 5567 | G92: 5433 | H92: =+'Votos por partido'!U64 -> 3109 | J92: =SUM(H92:I95) -> 5843
A93: 22 | B93: Int. Alvear | D93: Cambiemos | E93: =+'Votos por partido'!M57 -> 2793 | H93: =+'Votos por partido'!U65 -> 1590
A94: 22 | B94: Int. Alvear | D94: Otros | E94: =+'Votos por partido'!M53+'Votos por partido'!M54+'Votos por partido'!M55+'Votos por partido'!M56 -> 378 | H94: =+'Votos por partido'!U67+'Votos por partido'!U68+'Votos por partido'!U70+'Votos por partido'!U71+'Votos por partido'!U72+'Votos por partido'!U73 -> 401
A95: 22 | B95: Int. Alvear | D95: Nulos y blancos | E95: =+'Votos por partido'!M58+'Votos por partido'!M59 -> 139 | H95: =+'Votos por partido'!U66+'Votos por partido'!U69 -> 743
A96: 82 | B96: Realico | D96: PJ | E96: =+'Votos por partido'!M68 -> 2177 | F96: =+E96+E97+E98+E99 -> 5250 | G96: 6960 | H96: =+'Votos por partido'!U74 -> 2815 | J96: =SUM(H96:I99) -> 5376
A97: 82 | B97: Realico | D97: Cambiemos | E97: =+'Votos por partido'!M73 -> 2614 | H97: =+'Votos por partido'!U75 -> 1829
A98: 82 | B98: Realico | D98: Otros | E98: =+'Votos por partido'!M69+'Votos por partido'!M70+'Votos por partido'!M71+'Votos por partido'!M72 -> 288 | H98: =+'Votos por partido'!U76+'Votos por partido'!U77+'Votos por partido'!U79+'Votos por partido'!U81+'Votos por partido'!U82+'Votos por partido'!U83 -> 521
A99: 82 | B99: Realico | D99: Nulos y blancos | E99: =+'Votos por partido'!M74+'Votos por partido'!M75 -> 171 | H99: =+'Votos por partido'!U78+'Votos por partido'!U80 -> 211
A100: 2 | B100: Macachín | D100: PJ | E100: =+'Votos por partido'!M76 -> 1806 | F100: =+E100+E101+E102+E103 -> 3791 | G100: 4555 | H100: =+'Votos por partido'!U104 -> 2157 | J100: =SUM(H100:I103) -> 3886
A101: 2 | B101: Macachín | D101: Cambiemos | E101: =+'Votos por partido'!M81 -> 1721 | H101: =+'Votos por partido'!U105 -> 1277
A102: 2 | B102: Macachín | D102: Otros | E102: =+'Votos por partido'!M77+'Votos por partido'!M78+'Votos por partido'!M79+'Votos por partido'!M80 -> 159 | H102: =+'Votos por partido'!U106+'Votos por partido'!U109+'Votos por partido'!U110+'Votos por partido'!U111+'Votos por partido'!U112+'Votos por partido'!U113 -> 294
...

Sheet 2021
A3: LOCALIDAD: SANTA ROSA
A4: AGRUPACION: | B4: VOTOS SEN | C4: % SEN | D4: VOTOS DIP | E4: % DIP
A5: JUNTOS POR EL CAMBIO | B5: 26837 | C5: 0.454 | D5: 26751 | E5: 0.453
A7: FRENTE DE TODOS | B7: 24519 | C7: 0.415 | D7: 24632 | E7: 0.417
A9: OTROS | B9: 7702 | C9: 0.13 | D9: 7714 | E9: 0.131
A12: LOCALIDAD: GENERAL PICO
A13: AGRUPACION: | B13: VOTOS SEN | C13: %SEN | D13: VOTOS DIP | E13: %DIP
A14: JUNTOS POR EL CAMBIO: | B14: 18739 | C14: 0.544 | D14: 18714 | E14: 0.544
A16: FRENTE DE TODOS: | B16: 11694 | C16: 0.339 | D16: 11681 | E16: 0.34
A18: OTROS: | B18: 4022 | C18: 0.117 | D18: 3977 | E18: 11 ,60%
A21: LOCALIDAD: GENERAL ACHA
A22: AGRUPACION: | B22: VOTOS SEN | C22: %SEN | D22: VOTOS DIP | E22: %DIP
A23: JUNTOS POR EL CAMBIO: | B23: 4457 | C23: 0.602 | D23: 4733 | E23: 0.617
A25: FRENTE DE TODOS: | B25: 2257 | C25: 0.305 | D25: 2253 | E25: 0.294
A27: OTROS: | B27: 686 | C27: 0.092 | D27: 690 | E27: 0.09
A30: LOCALIDAD: TOAY
A31: AGRUPACION: | B31: VOTOS SEN | C31: %SEN | D31: VOTOS DIP | E31: %DIP
A32: JUNTOS POR EL CAMBIO: | B32: 4355 | C32: 0.484 | D32: 4335 | E32: 0.483
A34: FRENTE DE TODOS: | B34: 3586 | C34: 0.398 | D34: 3587 | E34: 0.399
A36: OTROS: | B36: 1059 | C36: 11 ,80% | D36: 1057 | E36: 11 ,80%
A39: LOCALIDAD: EDUARDO CASTEX
A40: AGRUPACION: | B40: VOTOS SEN | C40: %SEN | D40: VOTOS DIP | E40: %DIP
A41: JUNTOS POR EL CAMBIO: | B41: 3233 | C41: 0.577 | D41: 3196 | E41: 0.574
A43: FRENTE DE TODOS: | B43: 1944 | C43: 0.347 | D43: 1943 | E43: 0.349
A45: OTROS: | B45: 422 | C45: 0.075 | D45: 426 | E45: 0.076
A48: LOCALIDAD: 25 DE MAYO
A49: AGRUPACION: | B49: VOTOS SEN | C49: %SEN | D49: VOTOS DIP | E49: %DIP
A50: JUNTOS POR EL CAMBIO: | B50: 2585 | C50: 0.499 | D50: 2600 | E50: 0.499
A52: FRENTE DE TODOS: | B52: 2084 | C52: 0.403 | D52: 2071 | E52: 0.398
A54: OTROS: | B54: 507 | C54: 0.098 | D54: 536 | E54: 0.103
A57: LOCALIDAD: INTENDENTE ALVEAR
A58: AGRUPACION: | B58: VOTOS SEN | C58: %SEN | D58: VOTOS DIP | E58: %DIP
A59: JUNTOS POR EL CAMBIO: | B59: 2630 | C59: 0.526 | D59: 2626 | E59: 0.524
A61: FRENTE DE TODOS: | B61: 2088 | C61: 0.418 | D61: 2114 | E61: 0.422
A63: OTROS: | B63: 278 | C63: 0.054 | D63: 273 | E63: 0.055
A66: LOCALIDAD: INGENIERO LUIGGI
A67: AGRUPACION: | B67: VOTOS SEN | C67: %SEN | D67: VOTOS DIP | E67: %DIP
A68: JUNTOS POR EL CAMBIO: | B68: 1441 | C68: 0.499 | D68: 1443 | E68: 0.498
A70: FRENTE DE TODOS: | B70: 1275 | C70: 0.442 | D70: 1280 | E70: 0.442
A72: OTROS | B72: 171 | C72: 0.059 | D72: 173 | E72: 0.061
A75: LOCALIDAD: REALICO
A76: AGRUPACION: | B76: VOTOS SEN | C76: %SEN | D76: VOTOS DIP | E76: %DIP
A77: JUNTOS POR EL CAMBIO: | B77: 2746 | C77: 0.594 | D77: 2735 | E77: 0.592
A79: FRENTE DE TODOS: | B79: 1623 | C79: 0.351 | D79: 1630 | E79: 0.353
A81: OTROS: | B81: 254 | C81: 0.055 | D81: 253 | E81: 5.50%
A84: LOCALIDAD: VICTORICA
A85: AGRUPACION: | B85: VOTOS SEN | C85: %SEN | D85: VOTOS DIP | E85: %DIP
A86: JUNTOS POR EL CAMBIO: | B86: 1590 | C86: 0.453 | D86: 1616 | E86: 0.457
A88: FRENTE DE TODOS: | B88: 1595 | C88: 0.455 | D88: 1619 | E88: 0.458
A90: OTROS: | B90: 324 | C90: 0.092 | D90: 302 | E90: 8.60%
A93: LOCALIDAD: GUATRACHE
A94: AGRUPACION: | B94: VOTOS SEN | C94: %SEN | D94: VOTOS DIP | E94: %DIP
A95: JUNTOS POR EL CAMBIO: | B95: 1566 | C95: 0.643 | D95: 1570 | E95: 0.643
A97: FRENTE DE TODOS: | B97: 639 | C97: 0.262 | D97: 640 | E97: 0.262
A99: OTROS: | B99: 232 | C99: 0.095 | D99: 232 | E99: 0.094
A102: LOCALIDAD: MACACHIN
A103: AGRUPACION: | B103: VOTOS SEN | C103: %SEN | D103: VOTOS DIP | E103: %DIP
A104: JUNTOS POR EL CAMBIO: | B104: 1708 | C104: 0.529 | D104: 1704 | E104: 0.527
A106: FRENTE DE TODOS: | B106: 1319 | C106: 0.409 | D106: 1329 | E106: 0.411
A108: OTROS: | B108: 200 | C108: 0.062 | D108: 200 | E108: 6.20%
A111: LOCALIDAD: CATRILO
A112: AGRUPACION: | B112: VOTOS SEN | C112: %SEN | D112: VOTOS DIP | E112: %DIP
A113: JUNTOS POR EL CAMBIO: | B113: 1372 | C113: 0.503 | D113: 1378 | E113: 0.502
A115: FRENTE DE TODOS: | B115: 1179 | C115: 0.433 | D115: 1187 | E115: 0.433
A117: OTROS: | B117: 174 | C117: 0.064 | D117: 178 | E117: 0.064
