Workbook

Sheet 1999-Prov
J3: Categorías | K3: Destino
J4: Intendente | K4: PJ
A5: Circuito | B5: Localidad | C5: Categoria | D5: Destino | E5: Cantidad | F5: TOTAL | G5: TOTAL EMITIDOS S/ ACTA | J5: Concejales | K5: Alianza
A6: 1 | B6: DOBLAS | C6: Intendente | D6: PJ | E6: 480 | F6: =SUM(E6:E8) -> 1237 | G6: 1241 | J6: Juez de Paz | K6: Blanco
A7: 1 | B7: DOBLAS | C7: Intendente | D7: Alianza | E7: 737 | J7: Presidente Comisión de Fomento | K7: Humanista
A8: 1 | B8: DOBLAS | C8: Intendente | D8: Blanco | E8: 20 | J8: Vocales | K8: Acción por la República
A9: 1 | B9: DOBLAS | C9: Concejales | D9: PJ | E9: 454 | F9: =SUM(E9:E11) -> 1227 | K9: Movimiento Federalista Pampeano
A10: 1 | B10: DOBLAS | C10: Concejales | D10: Alianza | E10: 727 | K10: Frente Pueblo Unido - Socialismo Auténtico
A11: 1 | B11: DOBLAS | C11: Concejales | D11: Blanco | E11: 46 | K11: Unión Popular de La Adela
A12: 1 | B12: DOBLAS | C12: Juez de Paz | D12: PJ | E12: 457 | F12: =SUM(E12:E14) -> 1232 | K12: Convocatoria Independiente
A13: 1 | B13: DOBLAS | C13: Juez de Paz | D13: Alianza | E13: 749 | K13: Junta Vecinal de Mauricio Mayer
A14: 1 | B14: DOBLAS | C14: Juez de Paz | D14: Blanco | E14: 26 | K14: Intransigente
A15: 2 | B15: MACACHIN | C15: Intendente | D15: PJ | E15: 1453 | F15: =SUM(E15:E17) -> 3283 | G15: 3288 | K15: Alianza Victorica Electoral y Programática
A16: 2 | B16: MACACHIN | C16: Intendente | D16: Alianza | E16: 1670 | K16: Junta Vecinal de Relmo
A17: 2 | B17: MACACHIN | C17: Intendente | D17: Blanco | E17: 160 | K17: Unidos por Villa Mirasol
A18: 2 | B18: MACACHIN | C18: Concejales | D18: PJ | E18: 1352 | F18: =SUM(E18:E20) -> 3281 | K18: Unión Vecinal Villa Mirasol
A19: 2 | B19: MACACHIN | C19: Concejales | D19: Alianza | E19: 1674 | K19: Unión Vecinal La Maruja
A20: 2 | B20: MACACHIN | C20: Concejales | D20: Blanco | E20: 255 | K20: Unión Vecinal de Pichi Huinca
A21: 2 | B21: MACACHIN | C21: Juez de Paz | D21: PJ | E21: 1325 | F21: =SUM(E21:E23) -> 3283 | K21: Junta Vecinal de A. Van Praet
A22: 2 | B22: MACACHIN | C22: Juez de Paz | D22: Alianza | E22: 1723 | K22: Junta Vecinal de Falucho
A23: 2 | B23: MACACHIN | C23: Juez de Paz | D23: Blanco | E23: 235 | K23: Junta Vecinal Unión por Metileo
A24: 3 | B24: MIGUEL RIGLOS | C24: Intendente | D24: PJ | E24: 531 | F24: =SUM(E24:E26) -> 1655 | G24: 1659
A25: 3 | B25: MIGUEL RIGLOS | C25: Intendente | D25: Alianza | E25: 1080
A26: 3 | B26: MIGUEL RIGLOS | C26: Intendente | D26: Blanco | E26: 44
A27: 3 | B27: MIGUEL RIGLOS | C27: Concejales | D27: PJ | E27: 541 | F27: =SUM(E27:E29) -> 1657
A28: 3 | B28: MIGUEL RIGLOS | C28: Concejales | D28: Alianza | E28: 1041
A29: 3 | B29: MIGUEL RIGLOS | C29: Concejales | D29: Blanco | E29: 75
A30: 3 | B30: MIGUEL RIGLOS | C30: Juez de Paz | D30: PJ | E30: 628 | F30: =SUM(E30:E32) -> 1657
A31: 3 | B31: MIGUEL RIGLOS | C31: Juez de Paz | D31: Alianza | E31: 975
A32: 3 | B32: MIGUEL RIGLOS | C32: Juez de Paz | D32: Blanco | E32: 54
A33: 4 | B33: ROLON | C33: Intendente | D33: PJ | E33: 283 | F33: =SUM(E33:E35) -> 604 | G33: 605
A34: 4 | B34: ROLON | C34: Intendente | D34: Alianza | E34: 298
A35: 4 | B35: ROLON | C35: Intendente | D35: Blanco | E35: 23
A36: 4 | B36: ROLON | C36: Concejales | D36: PJ | E36: 262 | F36: =SUM(E36:E38) -> 604
A37: 4 | B37: ROLON | C37: Concejales | D37: Alianza | E37: 297
A38: 4 | B38: ROLON | C38: Concejales | D38: Blanco | E38: 45
A39: 4 | B39: ROLON | C39: Juez de Paz | D39: PJ | E39: 247 | F39: =SUM(E39:E41) -> 604
A40: 4 | B40: ROLON | C40: Juez de Paz | D40: Alianza | E40: 314
A41: 4 | B41: ROLON | C41: Juez de Paz | D41: Blanco | E41: 43
A42: 5 | B42: TOMAS M DE ANCHORENA | C42: Intendente | D42: PJ | E42: 101 | F42: =SUM(E42:E44) -> 412 | G42: 412
A43: 5 | B43: TOMAS M DE ANCHORENA | C43: Intendente | D43: Alianza | E43: 303
A44: 5 | B44: TOMAS M DE ANCHORENA | C44: Intendente | D44: Blanco | E44: 8
A45: 5 | B45: TOMAS M DE ANCHORENA | C45: Concejales | D45: PJ | E45: 103 | F45: =SUM(E45:E47) -> 412
A46: 5 | B46: TOMAS M DE ANCHORENA | C46: Concejales | D46: Alianza | E46: 292
A47: 5 | B47: TOMAS M DE ANCHORENA | C47: Concejales | D47: Blanco | E47: 17
A48: 5 | B48: TOMAS M DE ANCHORENA | C48: Juez de Paz | D48: PJ | E48: 108 | F48: =SUM(E48:E50) -> 412
A49: 5 | B49: TOMAS M DE ANCHORENA | C49: Juez de Paz | D49: Alianza | E49: 289
A50: 5 | B50: TOMAS M DE ANCHORENA | C50: Juez de Paz | D50: Blanco | E50: 15
A51: 6 | B51: ANGUIL | C51: Intendente | D51: PJ | E51: 564 | F51: =SUM(E51:E53) -> 1349 | G51: 1352
A52: 6 | B52: ANGUIL | C52: Intendente | D52: Alianza | E52: 715
A53: 6 | B53: ANGUIL | C53: Intendente | D53: Blanco | E53: 70
A54: 6 | B54: ANGUIL | C54: Concejales | D54: PJ | E54: 563 | F54: =SUM(E54:E56) -> 1349
A55: 6 | B55: ANGUIL | C55: Concejales | D55: Alianza | E55: 712
A56: 6 | B56: ANGUIL | C56: Concejales | D56: Blanco | E56: 74
A57: 6 | B57: ANGUIL | C57: Juez de Paz | D57: PJ | E57: 561 | F57: =SUM(E57:E59) -> 1349
A58: 6 | B58: ANGUIL | C58: Juez de Paz | D58: Alianza | E58: 731
A59: 6 | B59: ANGUIL | C59: Juez de Paz | D59: Blanco | E59: 57
A60: 9 y 10 | B60: SANTA ROSA | C60: Intendente | D60: PJ | E60: 27313 | F60: =SUM(E60:E66) -> 53516 | G60: 53987
A61: 9 y 10 | B61: SANTA ROSA | C61: Intendente | D61: Humanista | E61: 361
A62: 9 y 10 | B62: SANTA ROSA | C62: Intendente | D62: Acción por la República | E62: 1039
A63: 9 y 10 | B63: SANTA ROSA | C63: Intendente | D63: Movimiento Federalista Pampeano | E63: 227
A64: 9 y 10 | B64: SANTA ROSA | C64: Intendente | D64: Alianza | E64: 20984
A65: 9 y 10 | B65: SANTA ROSA | C65: Intendente | D65: Frente Pueblo Unido - Socialismo Auténtico | E65: 524
A66: 9 y 10 | B66: SANTA ROSA | C66: Intendente | D66: Blanco | E66: 3068
A67: 9 y 10 | B67: SANTA ROSA | C67: Concejales | D67: PJ | E67: 25328 | F67: =SUM(E67:E73) -> 53523
A68: 9 y 10 | B68: SANTA ROSA | C68: Concejales | D68: Humanista | E68: 388
A69: 9 y 10 | B69: SANTA ROSA | C69: Concejales | D69: Acción por la República | E69: 1196
A70: 9 y 10 | B70: SANTA ROSA | C70: Concejales | D70: Movimiento Federalista Pampeano | E70: 290
A71: 9 y 10 | B71: SANTA ROSA | C71: Concejales | D71: Alianza | E71: 21665
A72: 9 y 10 | B72: SANTA ROSA | C72: Concejales | D72: Frente Pueblo Unido - Socialismo Auténtico | E72: 609
A73: 9 y 10 | B73: SANTA ROSA | C73: Concejales | D73: Blanco | E73: 4047
A74: 9 y 10 | B74: SANTA ROSA | C74: Juez de Paz | D74: PJ | E74: 26051 | F74: =SUM(E74:E80) -> 53527
A75: 9 y 10 | B75: SANTA ROSA | C75: Juez de Paz | D75: Humanista | E75: 385
A76: 9 y 10 | B76: SANTA ROSA | C76: Juez de Paz | D76: Acción por la República | E76: 1134
A77: 9 y 10 | B77: SANTA ROSA | C77: Juez de Paz | D77: Movimiento Federalista Pampeano | E77: 272
A78: 9 y 10 | B78: SANTA ROSA | C78: Juez de Paz | D78: Alianza | E78: 21119
A79: 9 y 10 | B79: SANTA ROSA | C79: Juez de Paz | D79: Frente Pueblo Unido - Socialismo Auténtico | E79: 597
A80: 9 y 10 | B80: SANTA ROSA | C80: Juez de Paz | D80: Blanco | E80: 3969
A81: 11 | B81: LA ADELA | C81: Intendente | D81: PJ | E81: 328 | F81: =SUM(E81:E84) -> 1060 | G81: 1063
A82: 11 | B82: LA ADELA | C82: Intendente | D82: Unión Popular de La Adela | E82: 555
A83: 11 | B83: LA ADELA | C83: Intendente | D83: Alianza | E83: 127
A84: 11 | B84: LA ADELA | C84: Intendente | D84: Blanco | E84: 50
A85: 11 | B85: LA ADELA | C85: Concejales | D85: PJ | E85: 318 | F85: =SUM(E85:E88) -> 1060
A86: 11 | B86: LA ADELA | C86: Concejales | D86: Unión Popular de La Adela | E86: 535
A87: 11 | B87: LA ADELA | C87: Concejales | D87: Alianza | E87: 132
A88: 11 | B88: LA ADELA | C88: Concejales | D88: Blanco | E88: 75
A89: 11 | B89: LA ADELA | C89: Juez de Paz | D89: PJ | E89: 318 | F89: =SUM(E89:E92) -> 1060
A90: 11 | B90: LA ADELA | C90: Juez de Paz | D90: Unión Popular de La Adela | E90: 533
A91: 11 | B91: LA ADELA | C91: Juez de Paz | D91: Alianza | E91: 131
A92: 11 | B92: LA ADELA | C92: Juez de Paz | D92: Blanco | E92: 78
A93: 13 | B93: CATRILO | C93: Intendente | D93: PJ | E93: 1091 | F93: =SUM(E93:E95) -> 2387 | G93: 2387
A94: 13 | B94: CATRILO | C94: Intendente | D94: Alianza | E94: 1225
A95: 13 | B95: CATRILO | C95: Intendente | D95: Blanco | E95: 71
A96: 13 | B96: CATRILO | C96: Concejales | D96: PJ | E96: 1056 | F96: =SUM(E96:E98) -> 2387
A97: 13 | B97: CATRILO | C97: Concejales | D97: Alianza | E97: 1168
A98: 13 | B98: CATRILO | C98: Concejales | D98: Blanco | E98: 163
A99: 13 | B99: CATRILO | C99: Juez de Paz | D99: PJ | E99: 1052 | F99: =SUM(E99:E101) -> 2387
A100: 13 | B100: CATRILO | C100: Juez de Paz | D100: Alianza | E100: 1176
A101: 13 | B101: CATRILO | C101: Juez de Paz | D101: Blanco | E101: 159
A102: 15 | B102: LONQUIMAY | C102: Intendente | D102: PJ | E102: 460 | F102: =SUM(E102:E105) -> 1134 | G102: 1135
...

Sheet Datos2021
I2: Alianza Victorica Electoral y Programática
A3: ELECCION | B3: CIRCUITO | C3: LOCALIDAD | D3: CATEGORIA | E3: DESTINO | F3: DESTINO 2 | G3: VOTOS | I3: Blanco | J3: 4 - Blanco/Nulo
A4: 2017GRAL | B4: 1 | C4: DOBLAS | D4: Diputado Nac. | E4: PJ | F4: =VLOOKUP(E4,$I$2:$J$30,2,FALSE) -> 1 - PJ | G4: 489 | I4: Cambiemos | J4: 2 - Frepam
A5: 2017GRAL | B5: 1 | C5: DOBLAS | D5: Diputado Nac. | E5: Humanista | F5: =VLOOKUP(E5,$I$2:$J$30,2,FALSE) -> 3 - Otros | G5: 19 | I5: Cambiemos - FREPAM | J5: 2 - Frepam
A6: 2017GRAL | B6: 1 | C6: DOBLAS | D6: Diputado Nac. | E6: Partido de los Trabajadores Soc. | F6: =VLOOKUP(E6,$I$2:$J$30,2,FALSE) -> 3 - Otros | G6: 10 | I6: Compromiso ciudadano | J6: 3 - Otros
A7: 2017GRAL | B7: 1 | C7: DOBLAS | D7: Diputado Nac. | E7: FREPAM | F7: =VLOOKUP(E7,$I$2:$J$30,2,FALSE) -> 2 - Frepam | G7: 19 | I7: Comunidad organizada | J7: 3 - Otros
A8: 2017GRAL | B8: 1 | C8: DOBLAS | D8: Diputado Nac. | E8: Izquierda al Frente por el Soc. | F8: =VLOOKUP(E8,$I$2:$J$30,2,FALSE) -> 3 - Otros | G8: 14 | I8: Desde el pie | J8: 3 - Otros
A9: 2017GRAL | B9: 1 | C9: DOBLAS | D9: Diputado Nac. | E9: Cambiemos | F9: =VLOOKUP(E9,$I$2:$J$30,2,FALSE) -> 2 - Frepam | G9: 548 | I9: Frente justicialista pampeano | J9: 1 - PJ
A10: 2017GRAL | B10: 1 | C10: DOBLAS | D10: Diputado Nac. | E10: Nulo | F10: =VLOOKUP(E10,$I$2:$J$30,2,FALSE) -> 4 - Blanco/Nulo | G10: 44 | I10: Frente popular pampeano | J10: 3 - Otros
A11: 2017GRAL | B11: 1 | C11: DOBLAS | D11: Diputado Nac. | E11: Blanco | F11: =VLOOKUP(E11,$I$2:$J$30,2,FALSE) -> 4 - Blanco/Nulo | G11: 13 | I11: Frente Vecinal Alvearense | J11: 3 - Otros
A12: 2017GRAL | B12: 2 | C12: MACACHIN | D12: Diputado Nac. | E12: PJ | F12: =VLOOKUP(E12,$I$2:$J$30,2,FALSE) -> 1 - PJ | G12: 1806 | I12: FREPAM | J12: 2 - Frepam
A13: 2017GRAL | B13: 2 | C13: MACACHIN | D13: Diputado Nac. | E13: Humanista | F13: =VLOOKUP(E13,$I$2:$J$30,2,FALSE) -> 3 - Otros | G13: 31 | I13: Humanista | J13: 3 - Otros
A14: 2017GRAL | B14: 2 | C14: MACACHIN | D14: Diputado Nac. | E14: Partido de los Trabajadores Soc. | F14: =VLOOKUP(E14,$I$2:$J$30,2,FALSE) -> 3 - Otros | G14: 33 | I14: Izquierda al Frente por el Soc. | J14: 3 - Otros
A15: 2017GRAL | B15: 2 | C15: MACACHIN | D15: Diputado Nac. | E15: FREPAM | F15: =VLOOKUP(E15,$I$2:$J$30,2,FALSE) -> 2 - Frepam | G15: 53 | I15: Junta Vecinal de Falucho | J15: 3 - Otros
... A30: 2017GRAL | B30: 4 | C30: ROLON | D30: Diputado Nac. | E30: Partido de los Trabajadores Soc. | F30: =VLOOKUP(E30,$I$2:$J$30,2,FALSE) -> 3 - Otros | G30: 1 | I30: Cambiemos | J30: 2 - Frepam
A31: 2017GRAL | B31: 4 | C31: ROLON | D31: Diputado Nac. | E31: FREPAM | F31: =VLOOKUP(E31,$I$2:$J$30,2,FALSE) -> 2 - Frepam | G31: 1
A32: 2017GRAL | B32: 4 | C32: ROLON | D32: Diputado Nac. | E32: Izquierda al Frente por el Soc. | F32: =VLOOKUP(E32,$I$2:$J$30,2,FALSE) -> 3 - Otros | G32: 10
A33: 2017GRAL | B33: 4 | C33: ROLON | D33: Diputado Nac. | E33: Cambiemos | F33: =VLOOKUP(E33,$I$2:$J$30,2,FALSE) -> 2 - Frepam | G33: 203
A34: 2017GRAL | B34: 4 | C34: ROLON | D34: Diputado Nac. | E34: Nulo | F34: =VLOOKUP(E34,$I$2:$J$30,2,FALSE) -> 4 - Blanco/Nulo | G34: 4
A35: 2017GRAL | B35: 4 | C35: ROLON | D35: Diputado Nac. | E35: Blanco | F35: =VLOOKUP(E35,$I$2:$J$30,2,FALSE) -> 4 - Blanco/Nulo | G35: 13
A36: 2017GRAL | B36: 5 | C36: TOMAS M DE ANCHORENA | D36: Diputado Nac. | E36: PJ | F36: =VLOOKUP(E36,$I$2:$J$30,2,FALSE) -> 1 - PJ | G36: 119
A37: 2017GRAL | B37: 5 | C37: TOMAS M DE ANCHORENA | D37: Diputado Nac. | E37: Humanista | F37: =VLOOKUP(E37,$I$2:$J$30,2,FALSE) -> 3 - Otros | G37: 1
A38: 2017GRAL | B38: 5 | C38: TOMAS M DE ANCHORENA | D38: Diputado Nac. | E38: Partido de los Trabajadores Soc. | F38: =VLOOKUP(E38,$I$2:$J$30,2,FALSE) -> 3 - Otros | G38: 2
A39: 2017GRAL | B39: 5 | C39: TOMAS M DE ANCHORENA | D39: Diputado Nac. | E39: FREPAM | F39: =VLOOKUP(E39,$I$2:$J$30,2,FALSE) -> 2 - Frepam | G39: 4
A40: 2017GRAL | B40: 5 | C40: TOMAS M DE ANCHORENA | D40: Diputado Nac. | E40: Izquierda al Frente por el Soc. | F40: =VLOOKUP(E40,$I$2:$J$30,2,FALSE) -> 3 - Otros | G40: 1
A41: 2017GRAL | B41: 5 | C41: TOMAS M DE ANCHORENA | D41: Diputado Nac. | E41: Cambiemos | F41: =VLOOKUP(E41,$I$2:$J$30,2,FALSE) -> 2 - Frepam | G41: 175
A42: 2017GRAL | B42: 5 | C42: TOMAS M DE ANCHORENA | D42: Diputado Nac. | E42: Nulo | F42: =VLOOKUP(E42,$I$2:$J$30,2,FALSE) -> 4 - Blanco/Nulo | G42: 1
... A51: 2017GRAL | B51: 6 | C51: ANGUIL | D51: Diputado Nac. | E51: Blanco | F51: =VLOOKUP(E51,$I$2:$J$30,2,FALSE) -> 4 - Blanco/Nulo | G51: 19
A52: 2017GRAL | B52: 9 y 10 | C52: SANTA ROSA | D52: Diputado Nac. | E52: PJ | F52: =VLOOKUP(E52,$I$2:$J$30,2,FALSE) -> 1 - PJ | G52: 29204
A53: 2017GRAL | B53: 9 y 10 | C53: SANTA ROSA | D53: Diputado Nac. | E53: Humanista | F53: =VLOOKUP(E53,$I$2:$J$30,2,FALSE) -> 3 - Otros | G53: 2039
A54: 2017GRAL | B54: 9 y 10 | C54: SANTA ROSA | D54: Diputado Nac. | E54: Partido de los Trabajadores Soc. | F54: =VLOOKUP(E54,$I$2:$J$30,2,FALSE) -> 3 - Otros | G54: 2233
A55: 2017GRAL | B55: 9 y 10 | C55: SANTA ROSA | D55: Diputado Nac. | E55: FREPAM | F55: =VLOOKUP(E55,$I$2:$J$30,2,FALSE) -> 2 - Frepam | G55: 2070
A56: 2017GRAL | B56: 9 y 10 | C56: SANTA ROSA | D56: Diputado Nac. | E56: Izquierda al Frente por el Soc. | F56: =VLOOKUP(E56,$I$2:$J$30,2,FALSE) -> 3 - Otros | G56: 1785
A57: 2017GRAL | B57: 9 y 10 | C57: SANTA ROSA | D57: Diputado Nac. | E57: Cambiemos | F57: =VLOOKUP(E57,$I$2:$J$30,2,FALSE) -> 2 - Frepam | G57: 28917
A58: 2017GRAL | B58: 9 y 10 | C58: SANTA ROSA | D58: Diputado Nac. | E58: Nulo | F58: =VLOOKUP(E58,$I$2:$J$30,2,FALSE) -> 4 - Blanco/Nulo | G58: 1462
A59: 2017GRAL | B59: 9 y 10 | C59: SANTA ROSA | D59: Diputado Nac. | E59: Blanco | F59: =VLOOKUP(E59,$I$2:$J$30,2,FALSE) -> 4 - Blanco/Nulo | G59: 554
A60: 2017GRAL | B60: 11 | C60: LA ADELA | D60: Diputado Nac. | E60: PJ | F60: =VLOOKUP(E60,$I$2:$J$30,2,FALSE) -> 1 - PJ | G60: 884
A61: 2017GRAL | B61: 11 | C61: LA ADELA | D61: Diputado Nac. | E61: Humanista | F61: =VLOOKUP(E61,$I$2:$J$30,2,FALSE) -> 3 - Otros | G61: 25
A62: 2017GRAL | B62: 11 | C62: LA ADELA | D62: Diputado Nac. | E62: Partido de los Trabajadores Soc. | F62: =VLOOKUP(E62,$I$2:$J$30,2,FALSE) -> 3 - Otros | G62: 18
A63: 2017GRAL | B63: 11 | C63: LA ADELA | D63: Diputado Nac. | E63: FREPAM | F63: =VLOOKUP(E63,$I$2:$J$30,2,FALSE) -> 2 - Frepam | G63: 46
A64: 2017GRAL | B64: 11 | C64: LA ADELA | D64: Diputado Nac. | E64: Izquierda al Frente por el Soc. | F64: =VLOOKUP(E64,$I$2:$J$30,2,FALSE) -> 3 - Otros | G64: 30
A65: 2017GRAL | B65: 11 | C65: LA ADELA | D65: Diputado Nac. | E65: Cambiemos | F65: =VLOOKUP(E65,$I$2:$J$30,2,FALSE) -> 2 - Frepam | G65: 443
A66: 2017GRAL | B66: 11 | C66: LA ADELA | D66: Diputado Nac. | E66: Nulo | F66: =VLOOKUP(E66,$I$2:$J$30,2,FALSE) -> 4 - Blanco/Nulo | G66: 31
A67: 2017GRAL | B67: 11 | C67: LA ADELA | D67: Diputado Nac. | E67: Blanco | F67: =VLOOKUP(E67,$I$2:$J$30,2,FALSE) -> 4 - Blanco/Nulo | G67: 8
A68: 2017GRAL | B68: 13 | C68: CATRILO | D68: Diputado Nac. | E68: PJ | F68: =VLOOKUP(E68,$I$2:$J$30,2,FALSE) -> 1 - PJ | G68: 1514
A69: 2017GRAL | B69: 13 | C69: CATRILO | D69: Diputado Nac. | E69: Humanista | F69: =VLOOKUP(E69,$I$2:$J$30,2,FALSE) -> 3 - Otros | G69: 28
A70: 2017GRAL | B70: 13 | C70: CATRILO | D70: Diputado Nac. | E70: Partido de los Trabajadores Soc. | F70: =VLOOKUP(E70,$I$2:$J$30,2,FALSE) -> 3 - Otros | G70: 19
A71: 2017GRAL | B71: 13 | C71: CATRILO | D71: Diputado Nac. | E71: FREPAM | F71: =VLOOKUP(E71,$I$2:$J$30,2,FALSE) -> 2 - Frepam | G71: 29
... A123: 2017GRAL | B123: 19 | C123: BERNARDO LARROUDE | D123: Diputado Nac. | E123: Blanco | F123: =VLOOKUP(E123,$I$2:$J$30,2,FALSE) -> 4 - Blanco/Nulo | G123: 32
A124: 2017GRAL | B124: 19 A | C124: SARAH | D124: Diputado Nac. | E124: PJ | F124: =VLOOKUP(E124,$I$2:$J$30,2,FALSE) -> 1 - PJ | G124: 39
A125: 2017GRAL | B125: 19 A | C125: SARAH | D125: Diputado Nac. | E125: Humanista | F125: =VLOOKUP(E125,$I$2:$J$30,2,FALSE) -> 3 - Otros | G125: 1
A126: 2017GRAL | B126: 19 A | C126: SARAH | D126: Diputado Nac. | E126: Partido de los Trabajadores Soc. | F126: =VLOOKUP(E126,$I$2:$J$30,2,FALSE) -> 3 - Otros | G126: 3
A127: 2017GRAL | B127: 19 A | C127: SARAH | D127: Diputado Nac. | E127: FREPAM | F127: =VLOOKUP(E127,$I$2:$J$30,2,FALSE) -> 2 - Frepam | G127: 9
A128: 2017GRAL | B128: 19 A | C128: SARAH | D128: Diputado Nac. | E128: Izquierda al Frente por el Soc. | F128: =VLOOKUP(E128,$I$2:$J$30,2,FALSE) -> 3 - Otros | G128: 2
A129: 2017GRAL | B129: 19 A | C129: SARAH | D129: Diputado Nac. | E129: Cambiemos | F129: =VLOOKUP(E129,$I$2:$J$30,2,FALSE) -> 2 - Frepam | G129: 69
A130: 2017GRAL | B130: 19 A | C130: SARAH | D130: Diputado Nac. | E130: Nulo | F130: =VLOOKUP(E130,$I$2:$J$30,2,FALSE) -> 4 - Blanco/Nulo | G130: 2
A131: 2017GRAL | B131: 19 A | C131: SARAH | D131: Diputado Nac. | E131: Blanco | F131: =VLOOKUP(E131,$I$2:$J$30,2,FALSE) -> 4 - Blanco/Nulo | G131: 4
A132: 2017GRAL | B132: 20 | C132: CEBALLOS | D132: Diputado Nac. | E132: PJ | F132: =VLOOKUP(E132,$I$2:$J$30,2,FALSE) -> 1 - PJ | G132: 102
A133: 2017GRAL | B133: 20 | C133: CEBALLOS | D133: Diputado Nac. | E133: Humanista | F133: =VLOOKUP(E133,$I$2:$J$30,2,FALSE) -> 3 - Otros | G133: 1
A134: 2017GRAL | B134: 20 | C134: CEBALLOS | D134: Diputado Nac. | E134: Partido de los Trabajadores Soc. | F134: =VLOOKUP(E134,$I$2:$J$30,2,FALSE) -> 3 - Otros | G134: 1
A135: 2017GRAL | B135: 20 | C135: CEBALLOS | D135: Diputado Nac. | E135: FREPAM | F135: =VLOOKUP(E135,$I$2:$J$30,2,FALSE) -> 2 - Frepam | G135: 16
A136: 2017GRAL | B136: 20 | C136: CEBALLOS | D136: Diputado Nac. | E136: Izquierda al Frente por el Soc. | F136: =VLOOKUP(E136,$I$2:$J$30,2,FALSE) -> 3 - Otros | G136: 1
A137: 2017GRAL | B137: 20 | C137: CEBALLOS | D137: Diputado Nac. | E137: Cambiemos | F137: =VLOOKUP(E137,$I$2:$J$30,2,FALSE) -> 2 - Frepam | G137: 141
A138: 2017GRAL | B138: 20 | C138: CEBALLOS | D138: Diputado Nac. | E138: Nulo | F138: =VLOOKUP(E138,$I$2:$J$30,2,FALSE) -> 4 - Blanco/Nulo | G138: 6
A139: 2017GRAL | B139: 20 | C139: CEBALLOS | D139: Diputado Nac. | E139: Blanco | F139: =VLOOKUP(E139,$I$2:$J$30,2,FALSE) -> 4 - Blanco/Nulo | G139: 0
A140: 2017GRAL | B140: 21 | C140: CNEL. HILARIO LAGOS | D140: Diputado Nac. | E140: PJ | F140: =VLOOKUP(E140,$I$2:$J$30,2,FALSE) -> 1 - PJ | G140: 158
A141: 2017GRAL | B141: 21 | C141: CNEL. HILARIO LAGOS | D141: Diputado Nac. | E141: Humanista | F141: =VLOOKUP(E141,$I$2:$J$30,2,FALSE) -> 3 - Otros | G141: 10
A142: 2017GRAL | B142: 21 | C142: CNEL. HILARIO LAGOS | D142: Diputado Nac. | E142: Partido de los Trabajadores Soc. | F142: =VLOOKUP(E142,$I$2:$J$30,2,FALSE) -> 3 - Otros | G142: 9
A143: 2017GRAL | B143: 21 | C143: CNEL. HILARIO LAGOS | D143: Diputado Nac. | E143: FREPAM | F143: =VLOOKUP(E143,$I$2:$J$30,2,FALSE) -> 2 - Frepam | G143: 10
... A291: 2017GRAL | B291: 39 | C291: BERNASCONI | D291: Diputado Nac. | E291: Blanco | F291: =VLOOKUP(E291,$I$2:$J$30,2,FALSE) -> 4 - Blanco/Nulo | G291: 20
A292: 2017GRAL | B292: 39 A | C292: ABRAMO | D292: Diputado Nac. | E292: PJ | F292: =VLOOKUP(E292,$I$2:$J$30,2,FALSE) -> 1 - PJ | G292: 184
A293: 2017GRAL | B293: 39 A | C293: ABRAMO | D293: Diputado Nac. | E293: Humanista | F293: =VLOOKUP(E293,$I$2:$J$30,2,FALSE) -> 3 - Otros | G293: 190
A294: 2017GRAL | B294: 39 A | C294: ABRAMO | D294: Diputado Nac. | E294: Partido de los Trabajadores Soc. | F294: =VLOOKUP(E294,$I$2:$J$30,2,FALSE) -> 3 - Otros | G294: 4
A295: 2017GRAL | B295: 39 A | C295: ABRAMO | D295: Diputado Nac. | E295: FREPAM | F295: =VLOOKUP(E295,$I$2:$J$30,2,FALSE) -> 2 - Frepam | G295: 3
A296: 2017GRAL | B296: 39 A | C296: ABRAMO | D296: Diputado Nac. | E296: Izquierda al Frente por el Soc. | F296: =VLOOKUP(E296,$I$2:$J$30,2,FALSE) -> 3 - Otros | G296: 2
A297: 2017GRAL | B297: 39 A | C297: ABRAMO | D297: Diputado Nac. | E297: Cambiemos | F297: =VLOOKUP(E297,$I$2:$J$30,2,FALSE) -> 2 - Frepam | G297: 121
A298: 2017GRAL | B298: 39 A | C298: ABRAMO | D298: Diputado Nac. | E298: Nulo | F298: =VLOOKUP(E298,$I$2:$J$30,2,FALSE) -> 4 - Blanco/Nulo | G298: 3
A299: 2017GRAL | B299: 39 A | C299: ABRAMO | D299: Diputado Nac. | E299: Blanco | F299: =VLOOKUP(E299,$I$2:$J$30,2,FALSE) -> 4 - Blanco/Nulo | G299: 8
A300: 2017GRAL | B300: 40 | C300: GRAL. SAN MARTIN | D300: Diputado Nac. | E300: PJ | F300: =VLOOKUP(E300,$I$2:$J$30,2,FALSE) -> 1 - PJ | G300: 799
A301: 2017GRAL | B301: 40 | C301: GRAL. SAN MARTIN | D301: Diputado Nac. | E301: Humanista | F301: =VLOOKUP(E301,$I$2:$J$30,2,FALSE) -> 3 - Otros | G301: 11
A302: 2017GRAL | B302: 40 | C302: GRAL. SAN MARTIN | D302: Diputado Nac. | E302: Partido de los Trabajadores Soc. | F302: =VLOOKUP(E302,$I$2:$J$30,2,FALSE) -> 3 - Otros | G302: 12
A303: 2017GRAL | B303: 40 | C303: GRAL. SAN MARTIN | D303: Diputado Nac. | E303: FREPAM | F303: =VLOOKUP(E303,$I$2:$J$30,2,FALSE) -> 2 - Frepam | G303: 18
A304: 2017GRAL | B304: 40 | C304: GRAL. SAN MARTIN | D304: Diputado Nac. | E304: Izquierda al Frente por el Soc. | F304: =VLOOKUP(E304,$I$2:$J$30,2,FALSE) -> 3 - Otros | G304: 20
A305: 2017GRAL | B305: 40 | C305: GRAL. SAN MARTIN | D305: Diputado Nac. | E305: Cambiemos | F305: =VLOOKUP(E305,$I$2:$J$30,2,FALSE) -> 2 - Frepam | G305: 1073
A306: 2017GRAL | B306: 40 | C306: GRAL. SAN MARTIN | D306: Diputado Nac. | E306: Nulo | F306: =VLOOKUP(E306,$I$2:$J$30,2,FALSE) -> 4 - Blanco/Nulo | G306: 27
A307: 2017GRAL | B307: 40 | C307: GRAL. SAN MARTIN | D307: Diputado Nac. | E307: Blanco | F307: =VLOOKUP(E307,$I$2:$J$30,2,FALSE) -> 4 - Blanco/Nulo | G307: 21
A308: 2017GRAL | B308: 42 | C308: JACINTO ARAUZ | D308: Diputado Nac. | E308: PJ | F308: =VLOOKUP(E308,$I$2:$J$30,2,FALSE) -> 1 - PJ | G308: 862
A309: 2017GRAL | B309: 42 | C309: JACINTO ARAUZ | D309: Diputado Nac. | E309: Humanista | F309: =VLOOKUP(E309,$I$2:$J$30,2,FALSE) -> 3 - Otros | G309: 11
A310: 2017GRAL | B310: 42 | C310: JACINTO ARAUZ | D310: Diputado Nac. | E310: Partido de los Trabajadores Soc. | F310: =VLOOKUP(E310,$I$2:$J$30,2,FALSE) -> 3 - Otros | G310: 17
A311: 2017GRAL | B311: 42 | C311: JACINTO ARAUZ | D311: Diputado Nac. | E311: FREPAM | F311: =VLOOKUP(E311,$I$2:$J$30,2,FALSE) -> 2 - Frepam | G311: 14
... A703: 2019GRAL | B703: 1 | C703: DOBLAS | D703: Intendente | E703: Frente popular pampeano | F703: =VLOOKUP(E703,$I$2:$J$30,2,FALSE) -> 3 - Otros | G703: 92
A704: 2019GRAL | B704: 1 | C704: DOBLAS | D704: Intendente | E704: Blanco | F704: =VLOOKUP(E704,$I$2:$J$30,2,FALSE) -> 4 - Blanco/Nulo | G704: 49 | H704: =SUM(G700:G705) -> 1249
A705: 2019GRAL | B705: 1 | C705: DOBLAS | D705: Intendente | E705: Nulo | F705: =VLOOKUP(E705,$I$2:$J$30,2,FALSE) -> 4 - Blanco/Nulo | G705: 7
A706: 2019GRAL | B706: 1 | C706: DOBLAS | D706: Diputados Provinciales | E706: Frente justicialista pampeano | F706: =VLOOKUP(E706,$I$2:$J$30,2,FALSE) -> 1 - PJ | G706: 419
A707: 2019GRAL | B707: 1 | C707: DOBLAS | D707: Diputados Provinciales | E707: Cambiemos - FREPAM | F707: =VLOOKUP(E707,$I$2:$J$30,2,FALSE) -> 2 - Frepam | G707: 346
A708: 2019GRAL | B708: 1 | C708: DOBLAS | D708: Diputados Provinciales | E708: Comunidad organizada | F708: =VLOOKUP(E708,$I$2:$J$30,2,FALSE) -> 3 - Otros | G708: 230
A709: 2019GRAL | B709: 1 | C709: DOBLAS | D709: Diputados Provinciales | E709: Blanco | F709: =VLOOKUP(E709,$I$2:$J$30,2,FALSE) -> 4 - Blanco/Nulo | G709: 167
A710: 2019GRAL | B710: 1 | C710: DOBLAS | D710: Diputados Provinciales | E710: Frente popular pampeano | F710: =VLOOKUP(E710,$I$2:$J$30,2,FALSE) -> 3 - Otros | G710: 60 | H710: =SUM(G706:G715) -> 1249
A711: 2019GRAL | B711: 1 | C711: DOBLAS | D711: Diputados Provinciales | E711: Partido socialista | F711: =VLOOKUP(E711,$I$2:$J$30,2,FALSE) -> 3 - Otros | G711: 8
A712: 2019GRAL | B712: 1 | C712: DOBLAS | D712: Diputados Provinciales | E712: Nulo | F712: =VLOOKUP(E712,$I$2:$J$30,2,FALSE) -> 4 - Blanco/Nulo | G712: 8
...

Sheet 2003-Prov
J3: Categorías | K3: Destino
J4: Intendente | K4: PJ
A5: Circuito | B5: Localidad | C5: Categoria | D5: Destino | E5: Cantidad | F5: TOTAL | G5: TOTAL EMITIDOS S/ ACTA | J5: Concejales | K5: Alianza
A6: 1 | B6: DOBLAS | C6: Intendente | D6: Frente Alternativa Pampeana | E6: 722 | G6: 1246 | J6: Juez de Paz | K6: Blanco
A7: 1 | B7: DOBLAS | C7: Intendente | D7: PJ | E7: 457 | J7: Presidente Comisión de Fomento | K7: Humanista
A8: 1 | B8: DOBLAS | C8: Intendente | D8: Blanco | E8: 65 | F8: =SUM(E6:E8) -> 1244 | J8: Vocales | K8: Acción por la República
A9: 1 | B9: DOBLAS | C9: Concejales | D9: Frente Alternativa Pampeana | E9: 711 | K9: Movimiento Federalista Pampeano
A10: 1 | B10: DOBLAS | C10: Concejales | D10: PJ | E10: 437 | K10: Frente Pueblo Unido - Socialismo Auténtico
A11: 1 | B11: DOBLAS | C11: Concejales | D11: Blanco | E11: 97 | F11: =SUM(E9:E11) -> 1245 | K11: Unión Popular de La Adela
A12: 1 | B12: DOBLAS | C12: Juez de Paz | D12: Frente Alternativa Pampeana | E12: 761 | K12: Convocatoria Independiente
A13: 1 | B13: DOBLAS | C13: Juez de Paz | D13: PJ | E13: 404 | K13: Junta Vecinal de Mauricio Mayer
A14: 1 | B14: DOBLAS | C14: Juez de Paz | D14: Blanco | E14: 81 | F14: =SUM(E12:E14) -> 1246 | K14: Intransigente
A15: 2 | B15: MACACHIN | C15: Intendente | D15: Frente Alternativa Pampeana | E15: 1551 | G15: 3401 | K15: Alianza Victorica Electoral y Programática
A16: 2 | B16: MACACHIN | C16: Intendente | D16: PJ | E16: 1695 | K16: Junta Vecinal de Relmo
A17: 2 | B17: MACACHIN | C17: Intendente | D17: Blanco | E17: 144 | F17: =SUM(E15:E17) -> 3390 | K17: Unidos por Villa Mirasol
A18: 2 | B18: MACACHIN | C18: Concejales | D18: Frente Alternativa Pampeana | E18: 1400 | K18: Unión Vecinal Villa Mirasol
A19: 2 | B19: MACACHIN | C19: Concejales | D19: Alianza Frente Mapa | E19: 203 | K19: Unión Vecinal La Maruja
A20: 2 | B20: MACACHIN | C20: Concejales | D20: PJ | E20: 1679 | K20: Unión Vecinal de Pichi Huinca
A21: 2 | B21: MACACHIN | C21: Concejales | D21: Blanco | E21: 108 | F21: =SUM(E18:E21) -> 3390 | K21: Junta Vecinal de A. Van Praet
A22: 2 | B22: MACACHIN | C22: Juez de Paz | D22: Frente Alternativa Pampeana | E22: 1669 | K22: Junta Vecinal de Falucho
A23: 2 | B23: MACACHIN | C23: Juez de Paz | D23: PJ | E23: 1577 | K23: Junta Vecinal Unión por Metileo
A24: 2 | B24: MACACHIN | C24: Juez de Paz | D24: Blanco | E24: 145 | F24: =SUM(E22:E24) -> 3391 | K24: Frente Alternativa Pampeana
A25: 3 | B25: MIGUEL RIGLOS | C25: Intendente | D25: Frente Alternativa Pampeana | E25: 1025 | G25: 1678 | K25: Frente Popular Anguil
A26: 3 | B26: MIGUEL RIGLOS | C26: Intendente | D26: Alianza FPV | E26: 327 | K26: Alianza Frente Mapa
A27: 3 | B27: MIGUEL RIGLOS | C27: Intendente | D27: PJ | E27: 256 | K27: Alianza FPV
A28: 3 | B28: MIGUEL RIGLOS | C28: Intendente | D28: Blanco | E28: 53 | F28: =SUM(E25:E28) -> 1661 | K28: Alianza Movimiento de Unidad Popular
A29: 3 | B29: MIGUEL RIGLOS | C29: Concejales | D29: Frente Alternativa Pampeana | E29: 1034 | K29: Frente de Integración Pampeana
A30: 3 | B30: MIGUEL RIGLOS | C30: Concejales | D30: Alianza FPV | E30: 273 | K30: Popular de la Reconstrucción
A31: 3 | B31: MIGUEL RIGLOS | C31: Concejales | D31: PJ | E31: 262 | K31: Pueblo Nuevo
A32: 3 | B32: MIGUEL RIGLOS | C32: Concejales | D32: Blanco | E32: 93 | F32: =SUM(E29:E32) -> 1662 | K32: Junta Vecinal por Catriló
A33: 3 | B33: MIGUEL RIGLOS | C33: Juez de Paz | D33: Frente Alternativa Pampeana | E33: 1046 | K33: Junta Vecinal Cambio y Progreso por Lonquimay
A34: 3 | B34: MIGUEL RIGLOS | C34: Juez de Paz | D34: Alianza FPV | E34: 266 | K34: Afirmación para una República Igualitaria
A35: 3 | B35: MIGUEL RIGLOS | C35: Juez de Paz | D35: PJ | E35: 280 | K35: Movimiento de Integración y Desarrollo
A36: 3 | B36: MIGUEL RIGLOS | C36: Juez de Paz | D36: Blanco | E36: 79 | F36: =SUM(E33:E36) -> 1671 | K36: Unión por el Trabajo y el Progreso de Santa Isabel
A37: 4 | B37: ROLON | C37: Intendente | D37: Frente Alternativa Pampeana | E37: 212 | G37: 558 | K37: Frente para el Cambio de Larroude
A38: 4 | B38: ROLON | C38: Intendente | D38: PJ | E38: 326 | K38: Frente Todos por Ceballos
A39: 4 | B39: ROLON | C39: Intendente | D39: Blanco | E39: 20 | F39: =SUM(E37:E39) -> 558 | K39: Frente Vecinal Alvearense
A40: 4 | B40: ROLON | C40: Concejales | D40: Frente Alternativa Pampeana | E40: 215 | K40: Frente Unión por Algarrobo del Aguila
A41: 4 | B41: ROLON | C41: Concejales | D41: PJ | E41: 319 | K41: Frente Unión por La Humada
A42: 4 | B42: ROLON | C42: Concejales | D42: Blanco | E42: 24 | F42: =SUM(E40:E42) -> 558 | K42: Frente Integrador por E. Castex
A43: 4 | B43: ROLON | C43: Juez de Paz | D43: Frente Alternativa Pampeana | E43: 207 | K43: Juntos por Bernasconi
A44: 4 | B44: ROLON | C44: Juez de Paz | D44: PJ | E44: 324 | K44: Todos por San Martín
A45: 4 | B45: ROLON | C45: Juez de Paz | D45: Blanco | E45: 27 | F45: =SUM(E43:E45) -> 558 | K45: Socialista Popular
A46: 5 | B46: TOMAS M DE ANCHORENA | C46: Intendente | D46: Frente Alternativa Pampeana | E46: 248 | G46: 365 | K46: Frente Vecinal Todos por Pico
A47: 5 | B47: TOMAS M DE ANCHORENA | C47: Intendente | D47: Blanco | E47: 117 | F47: =SUM(E46:E47) -> 365 | K47: Cívico Pampeano
A48: 5 | B48: TOMAS M DE ANCHORENA | C48: Concejales | D48: Frente Alternativa Pampeana | E48: 252 | K48: Unión por 25 de Mayo
A49: 5 | B49: TOMAS M DE ANCHORENA | C49: Concejales | D49: PJ | E49: 77 | K49: Junta Vecinal Unidos por Puelén
A50: 5 | B50: TOMAS M DE ANCHORENA | C50: Concejales | D50: Blanco | E50: 36 | F50: =SUM(E48:E50) -> 365 | K50: Junta Vecinal Quemuense
A51: 5 | B51: TOMAS M DE ANCHORENA | C51: Juez de Paz | D51: Frente Alternativa Pampeana | E51: 256 | K51: Frente Vecinal Realicó
A52: 5 | B52: TOMAS M DE ANCHORENA | C52: Juez de Paz | D52: PJ | E52: 71 | K52: Alianza Esperanza por Toay
A53: 5 | B53: TOMAS M DE ANCHORENA | C53: Juez de Paz | D53: Blanco | E53: 38 | F53: =SUM(E51:E53) -> 365 | K53: Frente Vecinal por Trenel
A54: 6 | B54: ANGUIL | C54: Intendente | D54: Frente Alternativa Pampeana | E54: 635 | G54: 1294 | K54: Junta Vecinal A. Roca
A55: 6 | B55: ANGUIL | C55: Intendente | D55: Alianza FPV | E55: 72 | K55: Junta Vecinal por Cnia. S. María
A56: 6 | B56: ANGUIL | C56: Intendente | D56: Frente Popular Anguil | E56: 24 | K56: Frente Unión por Chacharramendi
A57: 6 | B57: ANGUIL | C57: Intendente | D57: PJ | E57: 467 | K57: Junta Vecinal Unidos por Acha
A58: 6 | B58: ANGUIL | C58: Intendente | D58: Blanco | E58: 81 | F58: =SUM(E54:E58) -> 1279 | K58: Movimiento Vecinal Achense
A59: 6 | B59: ANGUIL | C59: Concejales | D59: Frente Alternativa Pampeana | E59: 625 | K59: Unión Vecinal Achense
A60: 6 | B60: ANGUIL | C60: Concejales | D60: Alianza FPV | E60: 84
A61: 6 | B61: ANGUIL | C61: Concejales | D61: Frente Popular Anguil | E61: 27
A62: 6 | B62: ANGUIL | C62: Concejales | D62: PJ | E62: 446
A63: 6 | B63: ANGUIL | C63: Concejales | D63: Blanco | E63: 106 | F63: =SUM(E59:E63) -> 1288
A64: 6 | B64: ANGUIL | C64: Juez de Paz | D64: Frente Alternativa Pampeana | E64: 638
A65: 6 | B65: ANGUIL | C65: Juez de Paz | D65: Alianza FPV | E65: 103
A66: 6 | B66: ANGUIL | C66: Juez de Paz | D66: Frente Popular Anguil | E66: 27
A67: 6 | B67: ANGUIL | C67: Juez de Paz | D67: PJ | E67: 418
A68: 6 | B68: ANGUIL | C68: Juez de Paz | D68: Blanco | E68: 97 | F68: =SUM(E64:E68) -> 1283
A69: 9 y 10 | B69: SANTA ROSA | C69: Intendente | D69: Frente Alternativa Pampeana | E69: 15500 | G69: 52901
A70: 9 y 10 | B70: SANTA ROSA | C70: Intendente | D70: Alianza FPV | E70: 9101
A71: 9 y 10 | B71: SANTA ROSA | C71: Intendente | D71: Alianza Movimiento de Unidad Popular | E71: 872
A72: 9 y 10 | B72: SANTA ROSA | C72: Intendente | D72: Frente de Integración Pampeana | E72: 744
A73: 9 y 10 | B73: SANTA ROSA | C73: Intendente | D73: Humanista | E73: 1717
A74: 9 y 10 | B74: SANTA ROSA | C74: Intendente | D74: PJ | E74: 19516
A75: 9 y 10 | B75: SANTA ROSA | C75: Intendente | D75: Popular de la Reconstrucción | E75: 520
A76: 9 y 10 | B76: SANTA ROSA | C76: Intendente | D76: Pueblo Nuevo | E76: 884
A77: 9 y 10 | B77: SANTA ROSA | C77: Intendente | D77: Blanco | E77: 3270 | F77: =SUM(E69:E77) -> 52124
A78: 9 y 10 | B78: SANTA ROSA | C78: Concejales | D78: Frente Alternativa Pampeana | E78: 14905
A79: 9 y 10 | B79: SANTA ROSA | C79: Concejales | D79: Alianza FPV | E79: 8914
A80: 9 y 10 | B80: SANTA ROSA | C80: Concejales | D80: Alianza Movimiento de Unidad Popular | E80: 932
A81: 9 y 10 | B81: SANTA ROSA | C81: Concejales | D81: Frente de Integración Pampeana | E81: 735
A82: 9 y 10 | B82: SANTA ROSA | C82: Concejales | D82: Humanista | E82: 1863
A83: 9 y 10 | B83: SANTA ROSA | C83: Concejales | D83: PJ | E83: 19229
A84: 9 y 10 | B84: SANTA ROSA | C84: Concejales | D84: Popular de la Reconstrucción | E84: 531
A85: 9 y 10 | B85: SANTA ROSA | C85: Concejales | D85: Pueblo Nuevo | E85: 913
A86: 9 y 10 | B86: SANTA ROSA | C86: Concejales | D86: Blanco | E86: 4186 | F86: =SUM(E78:E86) -> 52208
A87: 9 y 10 | B87: SANTA ROSA | C87: Juez de Paz | D87: Frente Alternativa Pampeana | E87: 14578
A88: 9 y 10 | B88: SANTA ROSA | C88: Juez de Paz | D88: Alianza FPV | E88: 8751
A89: 9 y 10 | B89: SANTA ROSA | C89: Juez de Paz | D89: Alianza Movimiento de Unidad Popular | E89: 926
A90: 9 y 10 | B90: SANTA ROSA | C90: Juez de Paz | D90: Frente de Integración Pampeana | E90: 739
A91: 9 y 10 | B91: SANTA ROSA | C91: Juez de Paz | D91: Humanista | E91: 1823
A92: 9 y 10 | B92: SANTA ROSA | C92: Juez de Paz | D92: PJ | E92: 19794
A93: 9 y 10 | B93: SANTA ROSA | C93: Juez de Paz | D93: Popular de la Reconstrucción | E93: 547
A94: 9 y 10 | B94: SANTA ROSA | C94: Juez de Paz | D94: Pueblo Nuevo | E94: 915
A95: 9 y 10 | B95: SANTA ROSA | C95: Juez de Paz | D95: Blanco | E95: 4146 | F95: =SUM(E87:E95) -> 52219
A96: 11 | B96: LA ADELA | C96: Intendente | D96: Alianza FPV | E96: 38 | G96: 1100
A97: 11 | B97: LA ADELA | C97: Intendente | D97: PJ | E97: 473
A98: 11 | B98: LA ADELA | C98: Intendente | D98: Unión Popular de La Adela | E98: 520
A99: 11 | B99: LA ADELA | C99: Intendente | D99: Blanco | E99: 59 | F99: =SUM(E96:E99) -> 1090
A100: 11 | B100: LA ADELA | C100: Concejales | D100: Frente Alternativa Pampeana | E100: 147
A101: 11 | B101: LA ADELA | C101: Concejales | D101: Alianza FPV | E101: 34
A102: 11 | B102: LA ADELA | C102: Concejales | D102: PJ | E102: 389
...

Sheet Elecciones
A3: Id | B3: EleccionId | C3: LocalidadId | D3: NroElectores | E3: TotalPadron
A4: 1 | B4: PRES2013 | C4: 74 | D4: =31347+35363 -> 66710 | E4: =40547+44849 -> 85396 | F4: =D4/E4 -> 0.78118413 | J4: 00GRAL1999
A5: 2 | B5: PRES2013 | C5: 35 | D5: =22169+14858 -> 37027 | E5: =18647+28080 -> 46727 | F5: =D5/E5 -> 0.79241124 | J5: 01GRAL2003
A6: 3 | B6: PRES2013 | C6: 37 | D6: 8338 | E6: 10855 | F6: =D6/E6 -> 0.76812529 | J6: PRES1999
A7: 4 | B7: PRES2013 | C7: 78 | D7: 7255 | E7: 9128 | F7: =D7/E7 -> 0.79480719 | J7: PRES2003
A8: 5 | B8: PRES2013 | C8: 32 | D8: 6729 | E8: 8426 | F8: =D8/E8 -> 0.79859957 | J8: PRES2011
A9: 6 | B9: PRES2013 | C9: 19 | D9: 5140 | E9: 6365 | F9: =D9/E9 -> 0.80754124 | J9: PRES2013
A10: 7 | B10: PRES2013 | C10: 43 | D10: 5296 | E10: 6508 | F10: =D10/E10 -> 0.81376767 | J10: PRES2015
A11: 8 | B11: PRES2013 | C11: 71 | D11: 5120 | E11: 6433 | F11: =D11/E11 -> 0.79589616 | J11: PRIM2017
A12: 9 | B12: PRES2013 | C12: 86 | D12: 4224 | E12: 5167 | F12: =D12/E12 -> 0.81749565
A13: 10 | B13: PRES2013 | C13: 40 | D13: 2902 | E13: 3907 | F13: =D13/E13 -> 0.74276939
A14: 11 | B14: PRES2013 | C14: 53 | D14: 3625 | E14: 4313 | F14: =D14/E14 -> 0.84048226
A15: 12 | B15: PRES2013 | C15: 42 | D15: 3230 | E15: 4024 | F15: =D15/E15 -> 0.8026839
A16: 13 | B16: PRES2013 | C16: 15 | D16: 2743 | E16: 3357 | F16: =D16/E16 -> 0.8170986
A17: 14 | B17: PRES2013 | C17: 68 | D17: 2539 | E17: 3232 | F17: =D17/E17 -> 0.78558168
A18: 15 | B18: PRES2015 | C18: 74 | D18: =37277+32774 -> 70051 | E18: =41964+46707 -> 88671 | F18: =D18/E18 -> 0.79001026
A19: 16 | B19: PRES2015 | C19: 35 | D19: =22998+16719 -> 39717 | E19: =20334+28408 -> 48742 | F19: =D19/E19 -> 0.81484141
A20: 17 | B20: PRES2015 | C20: 37 | D20: 8835 | E20: 11322 | F20: =D20/E20 -> 0.78033916
A21: 18 | B21: PRES2015 | C21: 78 | D21: 8750 | E21: 10863 | F21: =D21/E21 -> 0.80548651
A22: 19 | B22: PRES2015 | C22: 32 | D22: 7197 | E22: 8639 | F22: =D22/E22 -> 0.83308253
A23: 20 | B23: PRES2015 | C23: 19 | D23: 5914 | E23: 6941 | F23: =D23/E23 -> 0.85203861
A24: 21 | B24: PRES2015 | C24: 43 | D24: 5823 | E24: 6804 | F24: =D24/E24 -> 0.85582011
A25: 22 | B25: PRES2015 | C25: 71 | D25: 5544 | E25: 6728 | F25: =D25/E25 -> 0.82401902
A26: 23 | B26: PRES2015 | C26: 86 | D26: 4603 | E26: 5329 | F26: =D26/E26 -> 0.86376431
A27: 24 | B27: PRES2015 | C27: 40 | D27: 3082 | E27: 4090 | F27: =D27/E27 -> 0.75354523
A28: 25 | B28: PRES2015 | C28: 53 | D28: 3866 | E28: 4526 | F28: =D28/E28 -> 0.85417587
A29: 26 | B29: PRES2015 | C29: 42 | D29: 3445 | E29: 4158 | F29: =D29/E29 -> 0.82852333
A30: 27 | B30: PRES2015 | C30: 15 | D30: 3134 | E30: 3640 | F30: =D30/E30 -> 0.86098901
A31: 28 | B31: PRES2015 | C31: 68 | D31: 2795 | E31: 3351 | F31: =D31/E31 -> 0.83407938
A32: 29 | B32: PRIM2017 | C32: 74 | D32: =35177+30077 -> 65254 | E32: =42539+48080 -> 90619 | F32: =D32/E32 -> 0.72009181
A33: 30 | B33: PRIM2017 | C33: 35 | D33: =21316+16367 -> 37683 | E33: =21562+28581 -> 50143 | F33: =D33/E33 -> 0.75151068
A34: 31 | B34: PRIM2017 | C34: 37 | D34: 8132 | E34: 11653 | F34: =D34/E34 -> 0.69784605
A35: 32 | B35: PRIM2017 | C35: 78 | D35: 8997 | E35: 12268 | F35: =D35/E35 -> 0.73337137
A36: 33 | B36: PRIM2017 | C36: 32 | D36: 6505 | E36: 8766 | F36: =D36/E36 -> 0.74207164
A37: 34 | B37: PRIM2017 | C37: 19 | D37: 5242 | E37: 7373 | F37: =D37/E37 -> 0.71097247
A38: 35 | B38: PRIM2017 | C38: 43 | D38: 5375 | E38: 7072 | F38: =D38/E38 -> 0.76003959
A39: 36 | B39: PRIM2017 | C39: 71 | D39: 5026 | E39: 6960 | F39: =D39/E39 -> 0.72212644
A40: 37 | B40: PRIM2017 | C40: 86 | D40: 3938 | E40: 5433 | F40: =D40/E40 -> 0.72482974
A41: 38 | B41: PRIM2017 | C41: 40 | D41: 2843 | E41: 4249 | F41: =D41/E41 -> 0.66909861
A42: 39 | B42: PRIM2017 | C42: 53 | D42: 3666 | E42: 4555 | F42: =D42/E42 -> 0.80482986
A43: 40 | B43: PRIM2017 | C43: 42 | D43: 3209 | E43: 4220 | F43: =D43/E43 -> 0.76042654
A44: 41 | B44: PRIM2017 | C44: 15 | D44: 2931 | E44: 3818 | F44: =D44/E44 -> 0.76767941
A45: 42 | B45: PRIM2017 | C45: 68 | D45: 2528 | E45: 3453 | F45: =D45/E45 -> 0.732117
A46: 43 | B46: PRIM2017 | C46: 30 | D46: 1121 | E46: 1505 | F46: =D46/E46 -> 0.7448505 | G46: =VLOOKUP(H46,'Copia de Localidades'!$A$4:$C$92,3,FALSE) -> 30 | H46: DOBLAS
A47: 44 | B47: PRIM2017 | C47: 58 | D47: 1681 | E47: 2174 | F47: =D47/E47 -> 0.77322907 | G47: =VLOOKUP(H47,'Copia de Localidades'!$A$4:$C$92,3,FALSE) -> 58 | H47: MIGUEL RIGLOS
A48: 45 | B48: PRIM2017 | C48: 72 | D48: 534 | E48: 659 | F48: =D48/E48 -> 0.81031866 | G48: =VLOOKUP(H48,'Copia de Localidades'!$A$4:$C$92,3,FALSE) -> 72 | H48: ROLON
A49: 46 | B49: PRIM2017 | C49: 79 | D49: 301 | E49: 388 | F49: =D49/E49 -> 0.7757732 | G49: =VLOOKUP(H49,'Copia de Localidades'!$A$4:$C$92,3,FALSE) -> 79 | H49: TOMAS M DE ANCHORENA
A50: 47 | B50: PRIM2017 | C50: 7 | D50: 1369 | E50: 1728 | F50: =D50/E50 -> 0.79224537 | G50: =VLOOKUP(H50,'Copia de Localidades'!$A$4:$C$92,3,FALSE) -> 7 | H50: ANGUIL
A51: 48 | B51: PRIM2017 | C51: 45 | D51: 1389 | E51: 1896 | F51: =D51/E51 -> 0.73259494 | G51: =VLOOKUP(H51,'Copia de Localidades'!$A$4:$C$92,3,FALSE) -> 45 | H51: LA ADELA
A52: 49 | B52: PRIM2017 | C52: #N/A | D52: 46 | E52: 56 | F52: =D52/E52 -> 0.82142857 | G52: =VLOOKUP(H52,'Copia de Localidades'!$A$4:$C$92,3,FALSE) -> #N/A | H52: LA GLORIA
A53: 50 | B53: PRIM2017 | C53: 50 | D53: 1238 | E53: 1572 | F53: =D53/E53 -> 0.78753181 | G53: =VLOOKUP(H53,'Copia de Localidades'!$A$4:$C$92,3,FALSE) -> 50 | H53: LONQUIMAY
A54: 51 | B54: PRIM2017 | C54: 83 | D54: 724 | E54: 879 | F54: =D54/E54 -> 0.82366325 | G54: =VLOOKUP(H54,'Copia de Localidades'!$A$4:$C$92,3,FALSE) -> 83 | H54: URIBURU
A55: 52 | B55: PRIM2017 | C55: #N/A | D55: 15 | E55: 29 | F55: =D55/E55 -> 0.51724138 | G55: =VLOOKUP(H55,'Copia de Localidades'!$A$4:$C$92,3,FALSE) -> #N/A | H55: CNIA. EMILIO MITRE
A56: 53 | B56: PRIM2017 | C56: 29 | D56: 1782 | E56: 2487 | F56: =D56/E56 -> 0.71652593 | G56: =VLOOKUP(H56,'Copia de Localidades'!$A$4:$C$92,3,FALSE) -> 29 | H56: SANTA ISABEL
A57: 54 | B57: PRIM2017 | C57: 10 | D57: 1154 | E57: 1573 | F57: =D57/E57 -> 0.73363001 | G57: =VLOOKUP(H57,'Copia de Localidades'!$A$4:$C$92,3,FALSE) -> 10 | H57: BERNARDO LARROUDE
A58: 55 | B58: PRIM2017 | C58: 75 | D58: 126 | E58: 153 | F58: =D58/E58 -> 0.82352941 | G58: =VLOOKUP(H58,'Copia de Localidades'!$A$4:$C$92,3,FALSE) -> 75 | H58: SARAH
A59: 56 | B59: PRIM2017 | C59: 16 | D59: 257 | E59: 344 | F59: =D59/E59 -> 0.74709302 | G59: =VLOOKUP(H59,'Copia de Localidades'!$A$4:$C$92,3,FALSE) -> 16 | H59: CEBALLOS
A60: 57 | B60: PRIM2017 | C60: 18 | D60: 455 | E60: 678 | F60: =D60/E60 -> 0.67109145 | G60: =VLOOKUP(H60,'Copia de Localidades'!$A$4:$C$92,3,FALSE) -> 18 | H60: CNEL. HILARIO LAGOS
A61: 58 | B61: PRIM2017 | C61: 85 | D61: 529 | E61: 656 | F61: =D61/E61 -> 0.80640244 | G61: =VLOOKUP(H61,'Copia de Localidades'!$A$4:$C$92,3,FALSE) -> 85 | H61: VERTIZ
A62: 59 | B62: PRIM2017 | C62: 4 | D62: 337 | E62: 457 | F62: =D62/E62 -> 0.73741794 | G62: =VLOOKUP(H62,'Copia de Localidades'!$A$4:$C$92,3,FALSE) -> 4 | H62: ALGARROBO DEL AGUILA
A63: 60 | B63: PRIM2017 | C63: 46 | D63: 543 | E63: 816 | F63: =D63/E63 -> 0.66544118 | G63: =VLOOKUP(H63,'Copia de Localidades'!$A$4:$C$92,3,FALSE) -> 46 | H63: LA HUMADA
A64: 61 | B64: PRIM2017 | C64: 27 | D64: 402 | E64: 510 | F64: =D64/E64 -> 0.78823529 | G64: =VLOOKUP(H64,'Copia de Localidades'!$A$4:$C$92,3,FALSE) -> 27 | H64: CONHELLO
A65: 62 | B65: PRIM2017 | C65: 55 | D65: 276 | E65: 353 | F65: =D65/E65 -> 0.78186969 | G65: =VLOOKUP(H65,'Copia de Localidades'!$A$4:$C$92,3,FALSE) -> 55 | H65: MAURICIO MAYER
A66: 63 | B66: PRIM2017 | C66: 59 | D66: 419 | E66: 532 | F66: =D66/E66 -> 0.78759398 | G66: =VLOOKUP(H66,'Copia de Localidades'!$A$4:$C$92,3,FALSE) -> 59 | H66: MONTE NIEVAS
A67: 64 | B67: PRIM2017 | C67: 73 | D67: 205 | E67: 238 | F67: =D67/E67 -> 0.86134454 | G67: =VLOOKUP(H67,'Copia de Localidades'!$A$4:$C$92,3,FALSE) -> 73 | H67: RUCANELO
... A92: 89 | B92: PRIM2017 | C92: 57 | D92: 562 | E92: 693 | F92: =D92/E92 -> 0.81096681 | G92: =VLOOKUP(H92,'Copia de Localidades'!$A$4:$C$92,3,FALSE) -> 57 | H92: MIGUEL CANE
A93: 90 | B93: PRIM2017 | C93: #N/A | D93: 113 | E93: 132 | F93: =D93/E93 -> 0.85606061 | G93: =VLOOKUP(H93,'Copia de Localidades'!$A$4:$C$92,3,FALSE) -> #N/A | H93: RELMO
A94: 91 | B94: PRIM2017 | C94: 22 | D94: 28 | E94: 41 | F94: =D94/E94 -> 0.68292683 | G94: =VLOOKUP(H94,'Copia de Localidades'!$A$4:$C$92,3,FALSE) -> 22 | H94: CNIA. SAN JOSE
A95: 92 | B95: PRIM2017 | C95: 87 | D95: 441 | E95: 593 | F95: =D95/E95 -> 0.74367622 | G95: =VLOOKUP(H95,'Copia de Localidades'!$A$4:$C$92,3,FALSE) -> 87 | H95: VILLA MIRASOL
A96: 93 | B96: PRIM2017 | C96: 13 | D96: 1417 | E96: 2030 | F96: =D96/E96 -> 0.69802956 | G96: =VLOOKUP(H96,'Copia de Localidades'!$A$4:$C$92,3,FALSE) -> 13 | H96: CALEUFU
A97: 94 | B97: PRIM2017 | C97: #N/A | D97: 4 | E97: 7 | F97: =D97/E97 -> 0.57142857 | G97: =VLOOKUP(H97,'Copia de Localidades'!$A$4:$C$92,3,FALSE) -> #N/A | H97: CHAMAICO
A98: 95 | B98: PRIM2017 | C98: 47 | D98: 848 | E98: 1261 | F98: =D98/E98 -> 0.67248216 | G98: =VLOOKUP(H98,'Copia de Localidades'!$A$4:$C$92,3,FALSE) -> 47 | H98: LA MARUJA
A99: 96 | B99: PRIM2017 | C99: 62 | D99: 1517 | E99: 2045 | F99: =D99/E99 -> 0.74180929 | G99: =VLOOKUP(H99,'Copia de Localidades'!$A$4:$C$92,3,FALSE) -> 62 | H99: PARERA
A100: 97 | B100: PRIM2017 | C100: 64 | D100: 163 | E100: 216 | F100: =D100/E100 -> 0.75462963 | G100: =VLOOKUP(H100,'Copia de Localidades'!$A$4:$C$92,3,FALSE) -> 64 | H100: PICHI HUINCA
A101: 98 | B101: PRIM2017 | C101: 69 | D101: 320 | E101: 383 | F101: =D101/E101 -> 0.83550914 | G101: =VLOOKUP(H101,'Copia de Localidades'!$A$4:$C$92,3,FALSE) -> 69 | H101: QUETREQUEN
A102: 99 | B102: PRIM2017 | C102: 70 | D102: 2264 | E102: 3207 | F102: =D102/E102 -> 0.70595572 | G102: =VLOOKUP(H102,'Copia de Localidades'!$A$4:$C$92,3,FALSE) -> 70 | H102: RANCUL
A103: 100 | B103: PRIM2017 | C103: 2 | D103: 233 | E103: 294 | F103: =D103/E103 -> 0.79251701 | G103: =VLOOKUP(H103,'Copia de Localidades'!$A$4:$C$92,3,FALSE) -> 2 | H103: ADOLFO V. PRAET
A104: 101 | B104: PRIM2017 | C104: 6 | D104: 1003 | E104: 1306 | F104: =D104/E104 -> 0.76799387 | G104: =VLOOKUP(H104,'Copia de Localidades'!$A$4:$C$92,3,FALSE) -> 6 | H104: ALTA ITALIA
A105: 102 | B105: PRIM2017 | C105: 54 | D105: 212 | E105: 270 | F105: =D105/E105 -> 0.78518519 | G105: =VLOOKUP(H105,'Copia de Localidades'!$A$4:$C$92,3,FALSE) -> 54 | H105: MAISONNAVE
A106: 103 | B106: PRIM2017 | C106: 33 | D106: 937 | E106: 1193 | F106: =D106/E106 -> 0.78541492 | G106: =VLOOKUP(H106,'Copia de Localidades'!$A$4:$C$92,3,FALSE) -> 33 | H106: EMBAJADOR MARTINI
A107: 104 | B107: PRIM2017 | C107: 34 | D107: 159 | E107: 187 | F107: =D107/E107 -> 0.85026738 | G107: =VLOOKUP(H107,'Copia de Localidades'!$A$4:$C$92,3,FALSE) -> 34 | H107: FALUCHO
A108: 105 | B108: PRIM2017 | C108: MAL | D108: 2 | E108: 1 | F108: =D108/E108 -> 2 | G108: MAL | H108: SAN JOSE
A109: 106 | B109: PRIM2017 | C109: 60 | D109: 5 | E109: 11 | F109: =D109/E109 -> 0.45454545 | G109: =VLOOKUP(H109,'Copia de Localidades'!$A$4:$C$92,3,FALSE) -> 60 | H109: NAICO
A110: 107 | B110: PRIM2017 | C110: #N/A | D110: 3 | E110: 3 | F110: =D110/E110 -> 1 | G110: =VLOOKUP(H110,'Copia de Localidades'!$A$4:$C$92,3,FALSE) -> #N/A | H110: OF. ENRIQUE SEGURA
A111: 108 | B111: PRIM2017 | C111: 8 | D111: 777 | E111: 1006 | F111: =D111/E111 -> 0.77236581 | G111: =VLOOKUP(H111,'Copia de Localidades'!$A$4:$C$92,3,FALSE) -> 8 | H111: ARATA
A112: 109 | B112: PRIM2017 | C112: 56 | D112: 398 | E112: 488 | F112: =D112/E112 -> 0.81557377 | G112: =VLOOKUP(H112,'Copia de Localidades'!$A$4:$C$92,3,FALSE) -> 56 | H112: METILEO
A113: 110 | B113: PRIM2017 | C113: 81 | D113: 2412 | E113: 3260 | F113: =D113/E113 -> 0.7398773 | G113: =VLOOKUP(H113,'Copia de Localidades'!$A$4:$C$92,3,FALSE) -> 81 | H113: TRENEL
A114: 111 | B114: PRIM2017 | C114: 9 | D114: 540 | E114: 699 | F114: =D114/E114 -> 0.77253219 | G114: =VLOOKUP(H114,'Copia de Localidades'!$A$4:$C$92,3,FALSE) -> 9 | H114: ATALIVA ROCA
A115: 112 | B115: PRIM2017 | C115: 23 | D115: 262 | E115: 314 | F115: =D115/E115 -> 0.8343949 | G115: =VLOOKUP(H115,'Copia de Localidades'!$A$4:$C$92,3,FALSE) -> 23 | H115: CNIA. SANTA MARIA
A116: 113 | B116: PRIM2017 | C116: 17 | D116: 187 | E116: 263 | F116: =D116/E116 -> 0.71102662 | G116: =VLOOKUP(H116,'Copia de Localidades'!$A$4:$C$92,3,FALSE) -> 17 | H116: CHACHARRAMENDI
A117: 114 | B117: PRIM2017 | C117: 67 | D117: 384 | E117: 479 | F117: =D117/E117 -> 0.80167015 | G117: =VLOOKUP(H117,'Copia de Localidades'!$A$4:$C$92,3,FALSE) -> 67 | H117: QUEHUE
A118: 115 | B118: PRIM2017 | C118: 82 | D118: 97 | E118: 119 | F118: =D118/E118 -> 0.81512605 | G118: =VLOOKUP(H118,'Copia de Localidades'!$A$4:$C$92,3,FALSE) -> 82 | H118: UNANUE
A119: 116 | B119: PRIM2017 | D119: 69 | E119: - | F119: =D119/E119 -> #VALUE! | H119: PRIVADOS DE LIBERTAD
A120: 117 | B120: PRES2015 | C120: 30 | D120: 1262 | E120: 1484 | F120: =D120/E120 -> 0.85040431 | G120: =VLOOKUP(H120,'Copia de Localidades'!$A$4:$C$92,3,FALSE) -> 30 | H120: DOBLAS
A121: 118 | B121: PRES2015 | C121: 58 | D121: 1887 | E121: 2132 | F121: =D121/E121 -> 0.88508443 | G121: =VLOOKUP(H121,'Copia de Localidades'!$A$4:$C$92,3,FALSE) -> 58 | H121: MIGUEL RIGLOS
A122: 119 | B122: PRES2015 | C122: 72 | D122: 578 | E122: 632 | F122: =D122/E122 -> 0.91455696 | G122: =VLOOKUP(H122,'Copia de Localidades'!$A$4:$C$92,3,FALSE) -> 72 | H122: ROLON
A123: 120 | B123: PRES2015 | C123: 79 | D123: 345 | E123: 382 | F123: =D123/E123 -> 0.90314136 | G123: =VLOOKUP(H123,'Copia de Localidades'!$A$4:$C$92,3,FALSE) -> 79 | H123: TOMAS M DE ANCHORENA
A124: 121 | B124: PRES2015 | C124: 7 | D124: 1541 | E124: 1701 | F124: =D124/E124 -> 0.90593768 | G124: =VLOOKUP(H124,'Copia de Localidades'!$A$4:$C$92,3,FALSE) -> 7 | H124: ANGUIL
A125: 122 | B125: PRES2015 | C125: 45 | D125: 1461 | E125: 1724 | F125: =D125/E125 -> 0.8474478 | G125: =VLOOKUP(H125,'Copia de Localidades'!$A$4:$C$92,3,FALSE) -> 45 | H125: LA ADELA
A126: 123 | B126: PRES2015 | C126: #N/A | D126: 44 | E126: 55 | F126: =D126/E126 -> 0.8 | G126: =VLOOKUP(H126,'Copia de Localidades'!$A$4:$C$92,3,FALSE) -> #N/A | H126: LA GLORIA
...

Sheet 2011-Prov
I3: Categorías | J3: Destino
I4: Intendente | J4: PJ
A5: Circuito | B5: Localidad | C5: Intendente | D5: Destino | E5: Cantidad | F5: TOTAL | I5: Concejales | J5: Alianza
A6: 1 | B6: DOBLAS | C6: Intendente | D6: PJ | E6: 484 | I6: Juez de Paz | J6: Blanco
A7: 1 | B7: DOBLAS | C7: Intendente | D7: FREPAM | E7: 330 | I7: Presidente Comisión de Fomento | J7: Humanista
A8: 1 | B8: DOBLAS | C8: Intendente | D8: Frente para la comunidad organizada | E8: 390 | I8: Gobernador | J8: Acción por la República
A9: 1 | B9: DOBLAS | C9: Intendente | D9: Blanco | E9: 56 | F9: =SUM(E6:E9) -> 1260 | I9: Vocales | J9: Movimiento Federalista Pampeano
A10: 1 | B10: DOBLAS | C10: Concejales | D10: PJ | E10: 427 | I10: Diputados Provinciales | J10: Socialismo Auténtico
A11: 1 | B11: DOBLAS | C11: Concejales | D11: FREPAM | E11: 384 | J11: Frente Pueblo Unido - Socialismo Auténtico
A12: 1 | B12: DOBLAS | C12: Concejales | D12: Frente para la comunidad organizada | E12: 352 | J12: Unión Popular de La Adela
A13: 1 | B13: DOBLAS | C13: Concejales | D13: Blanco | E13: 97 | F13: =SUM(E10:E13) -> 1260 | J13: Convocatoria Independiente
A14: 1 | B14: DOBLAS | C14: Juez de Paz | D14: PJ | E14: 432 | J14: Patria Grande
A15: 1 | B15: DOBLAS | C15: Juez de Paz | D15: FREPAM | E15: 322 | J15: Alianza Unión por Santa Isabel
A16: 1 | B16: DOBLAS | C16: Juez de Paz | D16: Frente para la comunidad organizada | E16: 387 | J16: Junta Vecinal de Mauricio Mayer
A17: 1 | B17: DOBLAS | C17: Juez de Paz | D17: Blanco | E17: 120 | F17: =SUM(E14:E17) -> 1261 | J17: Intransigente
A18: 2 | B18: MACACHIN | C18: Intendente | D18: PJ | E18: 1840 | J18: Alianza Victorica Electoral y Programática
A19: 2 | B19: MACACHIN | C19: Intendente | D19: FREPAM | E19: 1356 | J19: Junta vecinal por y para Ceballos
A20: 2 | B20: MACACHIN | C20: Intendente | D20: Frente para la comunidad organizada | E20: 225 | J20: Junta Vecinal de Relmo
A21: 2 | B21: MACACHIN | C21: Intendente | D21: Blanco | E21: 189 | F21: =SUM(E18:E21) -> 3610 | J21: Unidos por Villa Mirasol
A22: 2 | B22: MACACHIN | C22: Concejales | D22: PJ | E22: 1774 | J22: Unión Vecinal Villa Mirasol
A23: 2 | B23: MACACHIN | C23: Concejales | D23: FREPAM | E23: 1293 | J23: Junta Vecinal por Arauz
A24: 2 | B24: MACACHIN | C24: Concejales | D24: Frente para la comunidad organizada | E24: 292 | J24: Movimiento Popular Veinticinqueño Juntos por 25
A25: 2 | B25: MACACHIN | C25: Concejales | D25: Blanco | E25: 251 | F25: =SUM(E22:E25) -> 3610 | J25: Unión Vecinal La Maruja
A26: 2 | B26: MACACHIN | C26: Juez de Paz | D26: PJ | E26: 1670 | J26: Unión Vecinal de Pichi Huinca
A27: 2 | B27: MACACHIN | C27: Juez de Paz | D27: FREPAM | E27: 1581 | J27: Junta Vecinal de A. Van Praet
A28: 2 | B28: MACACHIN | C28: Juez de Paz | D28: Blanco | E28: 361 | F28: =SUM(E26:E28) -> 3612 | J28: Junta Vecinal de Falucho
A29: 3 | B29: MIGUEL RIGLOS | C29: Intendente | D29: PJ | E29: 935 | J29: Junta Vecinal Quetrequén Somos Todos
A30: 3 | B30: MIGUEL RIGLOS | C30: Intendente | D30: FREPAM | E30: 799 | J30: Junta Vecinal Unión por Metileo
A31: 3 | B31: MIGUEL RIGLOS | C31: Intendente | D31: Blanco | E31: 34 | F31: =SUM(E29:E31) -> 1768 | J31: Frente Alternativa Pampeana
A32: 3 | B32: MIGUEL RIGLOS | C32: Concejales | D32: PJ | E32: 855 | J32: Frente Popular Anguil
A33: 3 | B33: MIGUEL RIGLOS | C33: Concejales | D33: FREPAM | E33: 849 | J33: Unidad 25
A34: 3 | B34: MIGUEL RIGLOS | C34: Concejales | D34: Blanco | E34: 63 | F34: =SUM(E32:E34) -> 1767 | J34: Alianza Frente Mapa
A35: 3 | B35: MIGUEL RIGLOS | C35: Juez de Paz | D35: PJ | E35: 879 | J35: Alianza FPV
A36: 3 | B36: MIGUEL RIGLOS | C36: Juez de Paz | D36: FREPAM | E36: 817 | J36: Alianza Movimiento de Unidad Popular
A37: 3 | B37: MIGUEL RIGLOS | C37: Juez de Paz | D37: Blanco | E37: 69 | F37: =SUM(E35:E37) -> 1765 | J37: Frente de Integración Pampeana
A38: 4 | B38: ROLON | C38: Intendente | D38: PJ | E38: 283 | J38: Popular de la Reconstrucción
A39: 4 | B39: ROLON | C39: Intendente | D39: FREPAM | E39: 200 | J39: Pueblo Nuevo
A40: 4 | B40: ROLON | C40: Intendente | D40: Blanco | E40: 24 | F40: =SUM(E38:E40) -> 507 | J40: Junta Vecinal por Catriló
A41: 4 | B41: ROLON | C41: Concejales | D41: PJ | E41: 288 | J41: Junta Vecinal Cambio y Progreso por Lonquimay
A42: 4 | B42: ROLON | C42: Concejales | D42: FREPAM | E42: 177 | J42: Afirmación para una República Igualitaria
A43: 4 | B43: ROLON | C43: Concejales | D43: Blanco | E43: 42 | F43: =SUM(E41:E43) -> 507 | J43: Movimiento de Integración y Desarrollo
A44: 4 | B44: ROLON | C44: Juez de Paz | D44: PJ | E44: 294 | J44: Unión por el Trabajo y el Progreso de Santa Isabel
A45: 4 | B45: ROLON | C45: Juez de Paz | D45: FREPAM | E45: 174 | J45: Frente para el Cambio de Larroude
A46: 4 | B46: ROLON | C46: Juez de Paz | D46: Blanco | E46: 38 | F46: =SUM(E44:E46) -> 506 | J46: Frente Todos por Ceballos
A47: 5 | B47: TOMAS M DE ANCHORENA | C47: Intendente | D47: FREPAM | E47: 207 | J47: Frente Vecinal Alvearense
A48: 5 | B48: TOMAS M DE ANCHORENA | C48: Intendente | D48: Frente para la comunidad organizada | E48: 107 | J48: Frente Unión por Algarrobo del Aguila
A49: 5 | B49: TOMAS M DE ANCHORENA | C49: Intendente | D49: Blanco | E49: 21 | F49: =SUM(E47:E49) -> 335 | J49: Frente Unión por La Humada
A50: 5 | B50: TOMAS M DE ANCHORENA | C50: Concejales | D50: FREPAM | E50: 202 | J50: Frente Integrador por E. Castex
A51: 5 | B51: TOMAS M DE ANCHORENA | C51: Concejales | D51: Frente para la comunidad organizada | E51: 114 | J51: Juntos por Bernasconi
A52: 5 | B52: TOMAS M DE ANCHORENA | C52: Concejales | D52: Blanco | E52: 19 | F52: =SUM(E50:E52) -> 335 | J52: Todos por San Martín
A53: 5 | B53: TOMAS M DE ANCHORENA | C53: Juez de Paz | D53: FREPAM | E53: 206 | J53: Socialista Popular
A54: 5 | B54: TOMAS M DE ANCHORENA | C54: Juez de Paz | D54: Frente para la comunidad organizada | E54: 112 | J54: Frente Vecinal Todos por Pico
A55: 5 | B55: TOMAS M DE ANCHORENA | C55: Juez de Paz | D55: Blanco | E55: 17 | F55: =SUM(E53:E55) -> 335 | J55: Cívico Pampeano
A56: 6 | B56: ANGUIL | C56: Intendente | D56: PJ | E56: 626 | J56: Unión por 25 de Mayo
A57: 6 | B57: ANGUIL | C57: Intendente | D57: FREPAM | E57: 680 | J57: Junta Vecinal Unidos por Puelén
A58: 6 | B58: ANGUIL | C58: Intendente | D58: Blanco | E58: 88 | F58: =SUM(E56:E58) -> 1394 | J58: Junta Vecinal Quemuense
A59: 6 | B59: ANGUIL | C59: Concejales | D59: PJ | E59: 602 | J59: Frente Pampeano para la Victoria
A60: 6 | B60: ANGUIL | C60: Concejales | D60: FREPAM | E60: 683 | J60: Frente Vecinal Realicó
A61: 6 | B61: ANGUIL | C61: Concejales | D61: Blanco | E61: 110 | F61: =SUM(E59:E61) -> 1395 | J61: Alianza Esperanza por Toay
A62: 6 | B62: ANGUIL | C62: Juez de Paz | D62: PJ | E62: 613 | J62: Frente Vecinal por Trenel
A63: 6 | B63: ANGUIL | C63: Juez de Paz | D63: FREPAM | E63: 658 | J63: Junta Vecinal A. Roca
A64: 6 | B64: ANGUIL | C64: Juez de Paz | D64: Blanco | E64: 122 | F64: =SUM(E62:E64) -> 1393 | J64: Junta Vecinal por Cnia. S. María
A65: 9 y 10 | B65: SANTA ROSA | C65: Intendente | D65: PJ | E65: 22649 | J65: Frente Unión por Chacharramendi
A66: 9 y 10 | B66: SANTA ROSA | C66: Intendente | D66: Movimiento Federalista Pampeano | E66: 1306 | J66: Junta Vecinal Unidos por Acha
A67: 9 y 10 | B67: SANTA ROSA | C67: Intendente | D67: FREPAM | E67: 21913 | J67: Movimiento Vecinal Achense
A68: 9 y 10 | B68: SANTA ROSA | C68: Intendente | D68: Alianza Nuevo Encuentro | E68: 2876 | J68: Unión Vecinal Achense
A69: 9 y 10 | B69: SANTA ROSA | C69: Intendente | D69: Frente para la comunidad organizada | E69: 5353 | J69: FREPAM
A70: 9 y 10 | B70: SANTA ROSA | C70: Intendente | D70: Blanco | E70: 9981 | F70: =SUM(E65:E70) -> 64078 | J70: Nulo
A71: 9 y 10 | B71: SANTA ROSA | C71: Concejales | D71: Movimiento de Integración y Desarrollo | E71: 692 | J71: Punto de Unión Doblense
A72: 9 y 10 | B72: SANTA ROSA | C72: Concejales | D72: PJ | E72: 21779 | J72: GEN
A73: 9 y 10 | B73: SANTA ROSA | C73: Concejales | D73: Socialismo Auténtico | E73: 584 | J73: Frente para la comunidad organizada
A74: 9 y 10 | B74: SANTA ROSA | C74: Concejales | D74: Movimiento Federalista Pampeano | E74: 1359 | J74: Alianza Nuevo Encuentro
A75: 9 y 10 | B75: SANTA ROSA | C75: Concejales | D75: FREPAM | E75: 19989 | J75: Partido Popular Nuevo Tiempo
A76: 9 y 10 | B76: SANTA ROSA | C76: Concejales | D76: Alianza Nuevo Encuentro | E76: 3060 | J76: Junta Vecinal Acción Piquense
A77: 9 y 10 | B77: SANTA ROSA | C77: Concejales | D77: Frente para la comunidad organizada | E77: 5359 | J77: Junta Vecinal de C. Barón
A78: 9 y 10 | B78: SANTA ROSA | C78: Concejales | D78: Blanco | E78: 11186 | F78: =SUM(E71:E78) -> 64008 | J78: Junta Vecinal Unanue
A79: 9 y 10 | B79: SANTA ROSA | C79: Juez de Paz | D79: Movimiento de Integración y Desarrollo | E79: 668
A80: 9 y 10 | B80: SANTA ROSA | C80: Juez de Paz | D80: PJ | E80: 21586
A81: 9 y 10 | B81: SANTA ROSA | C81: Juez de Paz | D81: Movimiento Federalista Pampeano | E81: 1372
A82: 9 y 10 | B82: SANTA ROSA | C82: Juez de Paz | D82: FREPAM | E82: 19825
A83: 9 y 10 | B83: SANTA ROSA | C83: Juez de Paz | D83: Alianza Nuevo Encuentro | E83: 3096
A84: 9 y 10 | B84: SANTA ROSA | C84: Juez de Paz | D84: Frente para la comunidad organizada | E84: 5506
A85: 9 y 10 | B85: SANTA ROSA | C85: Juez de Paz | D85: Blanco | E85: 12024 | F85: =SUM(E79:E85) -> 64077
A86: 11 | B86: LA ADELA | C86: Intendente | D86: PJ | E86: 792
A87: 11 | B87: LA ADELA | C87: Intendente | D87: FREPAM | E87: 126
A88: 11 | B88: LA ADELA | C88: Intendente | D88: Frente para la comunidad organizada | E88: 113
A89: 11 | B89: LA ADELA | C89: Intendente | D89: Blanco | E89: 150 | F89: =SUM(E86:E89) -> 1181
A90: 11 | B90: LA ADELA | C90: Concejales | D90: PJ | E90: 766
A91: 11 | B91: LA ADELA | C91: Concejales | D91: FREPAM | E91: 129
A92: 11 | B92: LA ADELA | C92: Concejales | D92: Frente para la comunidad organizada | E92: 150
A93: 11 | B93: LA ADELA | C93: Concejales | D93: Blanco | E93: 144 | F93: =SUM(E90:E93) -> 1189
A94: 11 | B94: LA ADELA | C94: Juez de Paz | D94: PJ | E94: 702
A95: 11 | B95: LA ADELA | C95: Juez de Paz | D95: FREPAM | E95: 118
A96: 11 | B96: LA ADELA | C96: Juez de Paz | D96: Frente para la comunidad organizada | E96: 192
A97: 11 | B97: LA ADELA | C97: Juez de Paz | D97: Blanco | E97: 186 | F97: =SUM(E94:E97) -> 1198
A98: 13 | B98: CATRILO | C98: Intendente | D98: PJ | E98: 1472
A99: 13 | B99: CATRILO | C99: Intendente | D99: FREPAM | E99: 1027
A100: 13 | B100: CATRILO | C100: Intendente | D100: Blanco | E100: 232 | F100: =SUM(E98:E100) -> 2731
A101: 13 | B101: CATRILO | C101: Concejales | D101: PJ | E101: 1431
A102: 13 | B102: CATRILO | C102: Concejales | D102: FREPAM | E102: 1006
...

Sheet 2011 gral Dip
A3: Circuito | B3: Localidad | C3: Categoria | D3: Destino | F3: TOTAL | G3: PADRON | J3: Categorías | K3: Destino
A4: 1 | B4: DOBLAS | C4: Diputado Nac. | D4: Movimiento de Integración y Desarrollo | E4: 6 | J4: Intendente | K4: PJ
A5: 1 | B5: DOBLAS | C5: Diputado Nac. | D5: Humanista | E5: 488 | J5: Concejales | K5: Alianza
A6: 1 | B6: DOBLAS | C6: Diputado Nac. | D6: Coalición Cívica ARI | E6: 17 | J6: Juez de Paz | K6: Blanco
A7: 1 | B7: DOBLAS | C7: Diputado Nac. | D7: Alianza Compromiso Federal | E7: 30 | J7: Presidente Comisión de Fomento | K7: Humanista
A8: 1 | B8: DOBLAS | C8: Diputado Nac. | D8: FREPAM | E8: 388 | J8: Vocales | K8: Acción por la República
A9: 1 | B9: DOBLAS | C9: Diputado Nac. | D9: Blanco | E9: 329 | J9: Presidente | K9: Movimiento Federalista Pampeano
A10: 1 | B10: DOBLAS | C10: Diputado Nac. | D10: Nulo | E10: 7 | F10: =SUM(E4:E10) -> 1265 | J10: Senador Nac. | K10: Socialismo Auténtico
A11: 2 | B11: MACACHIN | C11: Diputado Nac. | D11: Movimiento de Integración y Desarrollo | E11: 53 | J11: Diputado Nac. | K11: Frente Pueblo Unido - Socialismo Auténtico
A12: 2 | B12: MACACHIN | C12: Diputado Nac. | D12: Humanista | E12: 1705 | K12: Unión Popular de La Adela
A13: 2 | B13: MACACHIN | C13: Diputado Nac. | D13: Coalición Cívica ARI | E13: 19 | K13: Convocatoria Independiente
A14: 2 | B14: MACACHIN | C14: Diputado Nac. | D14: Alianza Compromiso Federal | E14: 46 | K14: Patria Grande
A15: 2 | B15: MACACHIN | C15: Diputado Nac. | D15: FREPAM | E15: 1314 | K15: Alianza Unión por Santa Isabel
A16: 2 | B16: MACACHIN | C16: Diputado Nac. | D16: Blanco | E16: 467 | K16: Junta Vecinal de Mauricio Mayer
A17: 2 | B17: MACACHIN | C17: Diputado Nac. | D17: Nulo | E17: 14 | F17: =SUM(E11:E17) -> 3618 | K17: Intransigente
A18: 3 | B18: MIGUEL RIGLOS | C18: Diputado Nac. | D18: Movimiento de Integración y Desarrollo | E18: 4 | K18: Alianza Victorica Electoral y Programática
A19: 3 | B19: MIGUEL RIGLOS | C19: Diputado Nac. | D19: Humanista | E19: 745 | K19: Junta vecinal por y para Ceballos
A20: 3 | B20: MIGUEL RIGLOS | C20: Diputado Nac. | D20: Coalición Cívica ARI | E20: 3 | K20: Junta Vecinal de Relmo
A21: 3 | B21: MIGUEL RIGLOS | C21: Diputado Nac. | D21: Alianza Compromiso Federal | E21: 14 | K21: Unidos por Villa Mirasol
A22: 3 | B22: MIGUEL RIGLOS | C22: Diputado Nac. | D22: FREPAM | E22: 848 | K22: Unión Vecinal Villa Mirasol
A23: 3 | B23: MIGUEL RIGLOS | C23: Diputado Nac. | D23: Blanco | E23: 138 | K23: Junta Vecinal por Arauz
A24: 3 | B24: MIGUEL RIGLOS | C24: Diputado Nac. | D24: Nulo | E24: 13 | F24: =SUM(E18:E24) -> 1765 | K24: Movimiento Popular Veinticinqueño Juntos por 25
A25: 4 | B25: ROLON | C25: Diputado Nac. | D25: Movimiento de Integración y Desarrollo | E25: 3 | K25: Unión Vecinal La Maruja
A26: 4 | B26: ROLON | C26: Diputado Nac. | D26: Humanista | E26: 246 | K26: Unión Vecinal de Pichi Huinca
A27: 4 | B27: ROLON | C27: Diputado Nac. | D27: Coalición Cívica ARI | E27: 2 | K27: Junta Vecinal de A. Van Praet
A28: 4 | B28: ROLON | C28: Diputado Nac. | D28: Alianza Compromiso Federal | E28: 8 | K28: Junta Vecinal de Falucho
A29: 4 | B29: ROLON | C29: Diputado Nac. | D29: FREPAM | E29: 168 | K29: Junta Vecinal Quetrequén Somos Todos
A30: 4 | B30: ROLON | C30: Diputado Nac. | D30: Blanco | E30: 80 | K30: Junta Vecinal Unión por Metileo
A31: 4 | B31: ROLON | C31: Diputado Nac. | D31: Nulo | E31: 0 | F31: =SUM(E25:E31) -> 507 | K31: Frente Alternativa Pampeana
A32: 5 | B32: TOMAS M DE ANCHORENA | C32: Diputado Nac. | D32: Movimiento de Integración y Desarrollo | E32: 7 | K32: Frente Popular Anguil
A33: 5 | B33: TOMAS M DE ANCHORENA | C33: Diputado Nac. | D33: Humanista | E33: 33 | K33: Unidad 25
A34: 5 | B34: TOMAS M DE ANCHORENA | C34: Diputado Nac. | D34: Coalición Cívica ARI | E34: 8 | K34: Alianza Frente Mapa
A35: 5 | B35: TOMAS M DE ANCHORENA | C35: Diputado Nac. | D35: Alianza Compromiso Federal | E35: 16 | K35: Alianza FPV
A36: 5 | B36: TOMAS M DE ANCHORENA | C36: Diputado Nac. | D36: FREPAM | E36: 192 | K36: Alianza Movimiento de Unidad Popular
A37: 5 | B37: TOMAS M DE ANCHORENA | C37: Diputado Nac. | D37: Blanco | E37: 74 | K37: Frente de Integración Pampeana
A38: 5 | B38: TOMAS M DE ANCHORENA | C38: Diputado Nac. | D38: Nulo | E38: 6 | F38: =SUM(E32:E38) -> 336 | K38: Popular de la Reconstrucción
A39: 6 | B39: ANGUIL | C39: Diputado Nac. | D39: Movimiento de Integración y Desarrollo | E39: 4 | K39: Pueblo Nuevo
A40: 6 | B40: ANGUIL | C40: Diputado Nac. | D40: Humanista | E40: 612 | K40: Junta Vecinal por Catriló
A41: 6 | B41: ANGUIL | C41: Diputado Nac. | D41: Coalición Cívica ARI | E41: 6 | K41: Junta Vecinal Cambio y Progreso por Lonquimay
A42: 6 | B42: ANGUIL | C42: Diputado Nac. | D42: Alianza Compromiso Federal | E42: 20 | K42: Afirmación para una República Igualitaria
A43: 6 | B43: ANGUIL | C43: Diputado Nac. | D43: FREPAM | E43: 623 | K43: Movimiento de Integración y Desarrollo
A44: 6 | B44: ANGUIL | C44: Diputado Nac. | D44: Blanco | E44: 121 | K44: Unión por el Trabajo y el Progreso de Santa Isabel
A45: 6 | B45: ANGUIL | C45: Diputado Nac. | D45: Nulo | E45: 13 | F45: =SUM(E39:E45) -> 1399 | K45: Frente para el Cambio de Larroude
A46: 9 y 10 | B46: SANTA ROSA | C46: Diputado Nac. | D46: Movimiento de Integración y Desarrollo | E46: 1098 | K46: Frente Todos por Ceballos
A47: 9 y 10 | B47: SANTA ROSA | C47: Diputado Nac. | D47: Humanista | E47: 27118 | K47: Frente Vecinal Alvearense
A48: 9 y 10 | B48: SANTA ROSA | C48: Diputado Nac. | D48: Coalición Cívica ARI | E48: 753 | K48: Frente Unión por Algarrobo del Aguila
A49: 9 y 10 | B49: SANTA ROSA | C49: Diputado Nac. | D49: Alianza Compromiso Federal | E49: 2127 | K49: Frente Unión por La Humada
A50: 9 y 10 | B50: SANTA ROSA | C50: Diputado Nac. | D50: FREPAM | E50: 16431 | K50: Frente Integrador por E. Castex
A51: 9 y 10 | B51: SANTA ROSA | C51: Diputado Nac. | D51: Blanco | E51: 16301 | K51: Coalición Cívica ARI
A52: 9 y 10 | B52: SANTA ROSA | C52: Diputado Nac. | D52: Nulo | E52: 685 | F52: =SUM(E46:E52) -> 64513 | K52: Juntos por Bernasconi
A53: 11 | B53: LA ADELA | C53: Diputado Nac. | D53: Movimiento de Integración y Desarrollo | E53: 13 | K53: Todos por San Martín
A54: 11 | B54: LA ADELA | C54: Diputado Nac. | D54: Humanista | E54: 797 | K54: Socialista Popular
A55: 11 | B55: LA ADELA | C55: Diputado Nac. | D55: Coalición Cívica ARI | E55: 5
A56: 11 | B56: LA ADELA | C56: Diputado Nac. | D56: Alianza Compromiso Federal | E56: 25 | K56: Frente Vecinal Todos por Pico
A57: 11 | B57: LA ADELA | C57: Diputado Nac. | D57: FREPAM | E57: 135 | K57: Cívico Pampeano
A58: 11 | B58: LA ADELA | C58: Diputado Nac. | D58: Blanco | E58: 219
A59: 11 | B59: LA ADELA | C59: Diputado Nac. | D59: Nulo | E59: 8 | F59: =SUM(E53:E59) -> 1202
A60: 13 | B60: CATRILO | C60: Diputado Nac. | D60: Movimiento de Integración y Desarrollo | E60: 59 | K60: Unión por 25 de Mayo
A61: 13 | B61: CATRILO | C61: Diputado Nac. | D61: Humanista | E61: 1368 | K61: Junta Vecinal Unidos por Puelén
A62: 13 | B62: CATRILO | C62: Diputado Nac. | D62: Coalición Cívica ARI | E62: 43 | K62: Junta Vecinal Quemuense
A63: 13 | B63: CATRILO | C63: Diputado Nac. | D63: Alianza Compromiso Federal | E63: 80 | K63: Frente Pampeano para la Victoria
A64: 13 | B64: CATRILO | C64: Diputado Nac. | D64: FREPAM | E64: 846
A65: 13 | B65: CATRILO | C65: Diputado Nac. | D65: Blanco | E65: 325 | K65: Frente Vecinal Realicó
A66: 13 | B66: CATRILO | C66: Diputado Nac. | D66: Nulo | E66: 13 | F66: =SUM(E60:E66) -> 2734 | K66: Alianza Esperanza por Toay
A67: 14 | B67: LA GLORIA | C67: Diputado Nac. | D67: Movimiento de Integración y Desarrollo | E67: 1 | K67: Frente Vecinal por Trenel
A68: 14 | B68: LA GLORIA | C68: Diputado Nac. | D68: Humanista | E68: 11 | K68: Junta Vecinal A. Roca
A69: 14 | B69: LA GLORIA | C69: Diputado Nac. | D69: Coalición Cívica ARI | E69: 1 | K69: Junta Vecinal por Cnia. S. María
A70: 14 | B70: LA GLORIA | C70: Diputado Nac. | D70: Alianza Compromiso Federal | E70: 0 | K70: Frente Unión por Chacharramendi
A71: 14 | B71: LA GLORIA | C71: Diputado Nac. | D71: FREPAM | E71: 7 | K71: Junta Vecinal Unidos por Acha
A72: 14 | B72: LA GLORIA | C72: Diputado Nac. | D72: Blanco | E72: 5 | K72: Movimiento Vecinal Achense
A73: 14 | B73: LA GLORIA | C73: Diputado Nac. | D73: Nulo | E73: 1 | F73: =SUM(E67:E73) -> 26 | K73: Unión Vecinal Achense
A74: 15 | B74: LONQUIMAY | C74: Diputado Nac. | D74: Movimiento de Integración y Desarrollo | E74: 17 | K74: FREPAM
A75: 15 | B75: LONQUIMAY | C75: Diputado Nac. | D75: Humanista | E75: 591 | K75: Nulo
A76: 15 | B76: LONQUIMAY | C76: Diputado Nac. | D76: Coalición Cívica ARI | E76: 8 | K76: Punto de Unión Doblense
A77: 15 | B77: LONQUIMAY | C77: Diputado Nac. | D77: Alianza Compromiso Federal | E77: 53 | K77: GEN
A78: 15 | B78: LONQUIMAY | C78: Diputado Nac. | D78: FREPAM | E78: 376 | K78: Alianza Compromiso Federal
A79: 15 | B79: LONQUIMAY | C79: Diputado Nac. | D79: Blanco | E79: 162 | K79: Cambiemos - FREPAM
A80: 15 | B80: LONQUIMAY | C80: Diputado Nac. | D80: Nulo | E80: 42 | F80: =SUM(E74:E80) -> 1249 | K80: Partido de los Trabajadores Soc.
A81: 16 | B81: URIBURU | C81: Diputado Nac. | D81: Movimiento de Integración y Desarrollo | E81: 7 | K81: Frente Propuesta Federal
A82: 16 | B82: URIBURU | C82: Diputado Nac. | D82: Humanista | E82: 433
A83: 16 | B83: URIBURU | C83: Diputado Nac. | D83: Coalición Cívica ARI | E83: 2
A84: 16 | B84: URIBURU | C84: Diputado Nac. | D84: Alianza Compromiso Federal | E84: 23
A85: 16 | B85: URIBURU | C85: Diputado Nac. | D85: FREPAM | E85: 208
A86: 16 | B86: URIBURU | C86: Diputado Nac. | D86: Blanco | E86: 79
A87: 16 | B87: URIBURU | C87: Diputado Nac. | D87: Nulo | E87: 8 | F87: =SUM(E81:E87) -> 760
A88: 17 | B88: CNIA. EMILIO MITRE | C88: Diputado Nac. | D88: Movimiento de Integración y Desarrollo | E88: 0
A89: 17 | B89: CNIA. EMILIO MITRE | C89: Diputado Nac. | D89: Humanista | E89: 31
A90: 17 | B90: CNIA. EMILIO MITRE | C90: Diputado Nac. | D90: Coalición Cívica ARI | E90: 0
A91: 17 | B91: CNIA. EMILIO MITRE | C91: Diputado Nac. | D91: Alianza Compromiso Federal | E91: 1
A92: 17 | B92: CNIA. EMILIO MITRE | C92: Diputado Nac. | D92: FREPAM | E92: 4
A93: 17 | B93: CNIA. EMILIO MITRE | C93: Diputado Nac. | D93: Blanco | E93: 10
A94: 17 | B94: CNIA. EMILIO MITRE | C94: Diputado Nac. | D94: Nulo | E94: 0 | F94: =SUM(E88:E94) -> 46
A95: 18 | B95: SANTA ISABEL | C95: Diputado Nac. | D95: Movimiento de Integración y Desarrollo | E95: 47
A96: 18 | B96: SANTA ISABEL | C96: Diputado Nac. | D96: Humanista | E96: 830
A97: 18 | B97: SANTA ISABEL | C97: Diputado Nac. | D97: Coalición Cívica ARI | E97: 19
A98: 18 | B98: SANTA ISABEL | C98: Diputado Nac. | D98: Alianza Compromiso Federal | E98: 24
A99: 18 | B99: SANTA ISABEL | C99: Diputado Nac. | D99: FREPAM | E99: 347
A100: 18 | B100: SANTA ISABEL | C100: Diputado Nac. | D100: Blanco | E100: 569
A101: 18 | B101: SANTA ISABEL | C101: Diputado Nac. | D101: Nulo | E101: 8 | F101: =SUM(E95:E101) -> 1844
A102: 19 | B102: BERNARDO LARROUDE | C102: Diputado Nac. | D102: Movimiento de Integración y Desarrollo | E102: 15
...

Sheet 2011Gral Pres.
A2: Circuito | B2: Localidad | C2: Categoría | D2: Destino | E2: Cantidad | F2: Total
A3: 1 | B3: DOBLAS | C3: Presidente | D3: Coalición Cívica ARI | E3: 15 | H3: Categorías | I3: Destino
A4: 1 | B4: DOBLAS | C4: Presidente | D4: Alianza FPV | E4: 606 | H4: Intendente | I4: PJ
A5: 1 | B5: DOBLAS | C5: Presidente | D5: Frente Popular | E5: 40 | H5: Concejales | I5: Alianza
A6: 1 | B6: DOBLAS | C6: Presidente | D6: Alianza Compromiso Federal | E6: 71 | H6: Juez de Paz | I6: Blanco
A7: 1 | B7: DOBLAS | C7: Presidente | D7: Frente Amplio Progresista | E7: 157 | H7: Presidente Comisión de Fomento | I7: Humanista
A8: 1 | B8: DOBLAS | C8: Presidente | D8: Frente de Izquierda y de los Trabajadores | E8: 8 | H8: Vocales | I8: Acción por la República
A9: 1 | B9: DOBLAS | C9: Presidente | D9: Unión para el Desarrollo Social | E9: 169 | H9: Presidente | I9: Movimiento Federalista Pampeano
A10: 1 | B10: DOBLAS | C10: Presidente | D10: Blanco | E10: 198 | H10: Senador Nac. | I10: Socialismo Auténtico
A11: 1 | B11: DOBLAS | C11: Presidente | D11: Nulo | E11: 1 | F11: =SUM(E3:E11) -> 1265 | I11: Coalición
A12: 2 | B12: MACACHIN | C12: Presidente | D12: Coalición Cívica ARI | E12: 27 | H12: Diputado Nac. | I12: Frente Pueblo Unido - Socialismo Auténtico
A13: 2 | B13: MACACHIN | C13: Presidente | D13: Alianza FPV | E13: 1805 | I13: Unión Popular de La Adela
A14: 2 | B14: MACACHIN | C14: Presidente | D14: Frente Popular | E14: 272 | I14: Convocatoria Independiente
A15: 2 | B15: MACACHIN | C15: Presidente | D15: Alianza Compromiso Federal | E15: 164 | I15: Patria Grande
A16: 2 | B16: MACACHIN | C16: Presidente | D16: Frente Amplio Progresista | E16: 291 | I16: Alianza Unión por Santa Isabel
A17: 2 | B17: MACACHIN | C17: Presidente | D17: Frente de Izquierda y de los Trabajadores | E17: 23 | I17: Junta Vecinal de Mauricio Mayer
A18: 2 | B18: MACACHIN | C18: Presidente | D18: Unión para el Desarrollo Social | E18: 590 | I18: Intransigente
A19: 2 | B19: MACACHIN | C19: Presidente | D19: Blanco | E19: 431 | I19: Alianza Victorica Electoral y Programática
A20: 2 | B20: MACACHIN | C20: Presidente | D20: Nulo | E20: 15 | F20: =SUM(E12:E20) -> 3618 | I20: Coalición Cívica ARI
A21: 3 | B21: MIGUEL RIGLOS | C21: Presidente | D21: Coalición Cívica ARI | E21: 7 | I21: Junta vecinal por y para Ceballos
A22: 3 | B22: MIGUEL RIGLOS | C22: Presidente | D22: Alianza FPV | E22: 782 | I22: Junta Vecinal de Relmo
A23: 3 | B23: MIGUEL RIGLOS | C23: Presidente | D23: Frente Popular | E23: 32 | I23: Unidos por Villa Mirasol
A24: 3 | B24: MIGUEL RIGLOS | C24: Presidente | D24: Alianza Compromiso Federal | E24: 79 | I24: Unión Vecinal Villa Mirasol
A25: 3 | B25: MIGUEL RIGLOS | C25: Presidente | D25: Frente Amplio Progresista | E25: 135 | I25: Junta Vecinal por Arauz
A26: 3 | B26: MIGUEL RIGLOS | C26: Presidente | D26: Frente de Izquierda y de los Trabajadores | E26: 9 | I26: Movimiento Popular Veinticinqueño Juntos por 25
A27: 3 | B27: MIGUEL RIGLOS | C27: Presidente | D27: Unión para el Desarrollo Social | E27: 439 | I27: Unión Vecinal La Maruja
A28: 3 | B28: MIGUEL RIGLOS | C28: Presidente | D28: Blanco | E28: 275 | I28: Unión Vecinal de Pichi Huinca
A29: 3 | B29: MIGUEL RIGLOS | C29: Presidente | D29: Nulo | E29: 7 | F29: =SUM(E21:E29) -> 1765 | I29: Frente Popular
A30: 4 | B30: ROLON | C30: Presidente | D30: Coalición Cívica ARI | E30: 2 | I30: Junta Vecinal de A. Van Praet
A31: 4 | B31: ROLON | C31: Presidente | D31: Alianza FPV | E31: 273 | I31: Junta Vecinal de Falucho
A32: 4 | B32: ROLON | C32: Presidente | D32: Frente Popular | E32: 14 | I32: Junta Vecinal Quetrequén Somos Todos
A33: 4 | B33: ROLON | C33: Presidente | D33: Alianza Compromiso Federal | E33: 14 | I33: Junta Vecinal Unión por Metileo
A34: 4 | B34: ROLON | C34: Presidente | D34: Frente Amplio Progresista | E34: 38 | I34: Frente Alternativa Pampeana
A35: 4 | B35: ROLON | C35: Presidente | D35: Frente de Izquierda y de los Trabajadores | E35: 7 | I35: Frente Popular Anguil
A36: 4 | B36: ROLON | C36: Presidente | D36: Unión para el Desarrollo Social | E36: 69 | I36: Unidad 25
A37: 4 | B37: ROLON | C37: Presidente | D37: Blanco | E37: 87 | I37: Alianza Frente Mapa
A38: 4 | B38: ROLON | C38: Presidente | D38: Nulo | E38: 3 | F38: =SUM(E30:E38) -> 507 | I38: Frente Amplio Progresista
A39: 5 | B39: TOMAS M DE ANCHORENA | C39: Presidente | D39: Coalición Cívica ARI | E39: 7 | I39: Alianza FPV
A40: 5 | B40: TOMAS M DE ANCHORENA | C40: Presidente | D40: Alianza FPV | E40: 74 | I40: Alianza Movimiento de Unidad Popular
A41: 5 | B41: TOMAS M DE ANCHORENA | C41: Presidente | D41: Frente Popular | E41: 20 | I41: Frente de Integración Pampeana
A42: 5 | B42: TOMAS M DE ANCHORENA | C42: Presidente | D42: Alianza Compromiso Federal | E42: 27 | I42: Popular de la Reconstrucción
A43: 5 | B43: TOMAS M DE ANCHORENA | C43: Presidente | D43: Frente Amplio Progresista | E43: 27 | I43: Pueblo Nuevo
A44: 5 | B44: TOMAS M DE ANCHORENA | C44: Presidente | D44: Frente de Izquierda y de los Trabajadores | E44: 0 | I44: Junta Vecinal por Catriló
A45: 5 | B45: TOMAS M DE ANCHORENA | C45: Presidente | D45: Unión para el Desarrollo Social | E45: 116 | I45: Junta Vecinal Cambio y Progreso por Lonquimay
A46: 5 | B46: TOMAS M DE ANCHORENA | C46: Presidente | D46: Blanco | E46: 65 | I46: Afirmación para una República Igualitaria
A47: 5 | B47: TOMAS M DE ANCHORENA | C47: Presidente | D47: Nulo | E47: 0 | F47: =SUM(E39:E47) -> 336 | I47: Frente de Izquierda y de los Trabajadores
A48: 6 | B48: ANGUIL | C48: Presidente | D48: Coalición Cívica ARI | E48: 6 | I48: Movimiento de Integración y Desarrollo
A49: 6 | B49: ANGUIL | C49: Presidente | D49: Alianza FPV | E49: 665 | I49: Unión por el Trabajo y el Progreso de Santa Isabel
A50: 6 | B50: ANGUIL | C50: Presidente | D50: Frente Popular | E50: 15 | I50: Frente para el Cambio de Larroude
A51: 6 | B51: ANGUIL | C51: Presidente | D51: Alianza Compromiso Federal | E51: 43 | I51: Frente Todos por Ceballos
A52: 6 | B52: ANGUIL | C52: Presidente | D52: Frente Amplio Progresista | E52: 179 | I52: Frente Vecinal Alvearense
A53: 6 | B53: ANGUIL | C53: Presidente | D53: Frente de Izquierda y de los Trabajadores | E53: 12 | I53: Frente Unión por Algarrobo del Aguila
A54: 6 | B54: ANGUIL | C54: Presidente | D54: Unión para el Desarrollo Social | E54: 295 | I54: Frente Unión por La Humada
A55: 6 | B55: ANGUIL | C55: Presidente | D55: Blanco | E55: 177 | I55: Frente Integrador por E. Castex
A56: 6 | B56: ANGUIL | C56: Presidente | D56: Nulo | E56: 7 | F56: =SUM(E48:E56) -> 1399
A57: 9 y 10 | B57: SANTA ROSA | C57: Presidente | D57: Coalición Cívica ARI | E57: 809
A58: 9 y 10 | B58: SANTA ROSA | C58: Presidente | D58: Alianza FPV | E58: 34370 | I58: Juntos por Bernasconi
A59: 9 y 10 | B59: SANTA ROSA | C59: Presidente | D59: Frente Popular | E59: 1813 | I59: Todos por San Martín
A60: 9 y 10 | B60: SANTA ROSA | C60: Presidente | D60: Alianza Compromiso Federal | E60: 4475 | I60: Socialista Popular
A61: 9 y 10 | B61: SANTA ROSA | C61: Presidente | D61: Frente Amplio Progresista | E61: 9100
A62: 9 y 10 | B62: SANTA ROSA | C62: Presidente | D62: Frente de Izquierda y de los Trabajadores | E62: 861 | I62: Frente Vecinal Todos por Pico
A63: 9 y 10 | B63: SANTA ROSA | C63: Presidente | D63: Unión para el Desarrollo Social | E63: 6112 | I63: Cívico Pampeano
A64: 9 y 10 | B64: SANTA ROSA | C64: Presidente | D64: Blanco | E64: 6423 | I64: Unión para el Desarrollo Social
A65: 10 y 10 | B65: SANTA ROSA | C65: Presidente | D65: Nulo | E65: 550 | F65: =SUM(E57:E65) -> 64513
A66: 11 | B66: LA ADELA | C66: Presidente | D66: Coalición Cívica ARI | E66: 3
A67: 11 | B67: LA ADELA | C67: Presidente | D67: Alianza FPV | E67: 859 | I67: Unión por 25 de Mayo
A68: 11 | B68: LA ADELA | C68: Presidente | D68: Frente Popular | E68: 21 | I68: Junta Vecinal Unidos por Puelén
A69: 11 | B69: LA ADELA | C69: Presidente | D69: Alianza Compromiso Federal | E69: 29 | I69: Junta Vecinal Quemuense
A70: 11 | B70: LA ADELA | C70: Presidente | D70: Frente Amplio Progresista | E70: 68 | I70: Frente Pampeano para la Victoria
A71: 11 | B71: LA ADELA | C71: Presidente | D71: Frente de Izquierda y de los Trabajadores | E71: 16
A72: 11 | B72: LA ADELA | C72: Presidente | D72: Unión para el Desarrollo Social | E72: 73 | I72: Frente Vecinal Realicó
A73: 11 | B73: LA ADELA | C73: Presidente | D73: Blanco | E73: 125 | I73: Alianza Esperanza por Toay
A74: 11 | B74: LA ADELA | C74: Presidente | D74: Nulo | E74: 8 | F74: =SUM(E66:E74) -> 1202
A75: 13 | B75: CATRILO | C75: Presidente | D75: Coalición Cívica ARI | E75: 28 | I75: Frente Vecinal por Trenel
A76: 13 | B76: CATRILO | C76: Presidente | D76: Alianza FPV | E76: 1461 | I76: Junta Vecinal A. Roca
A77: 13 | B77: CATRILO | C77: Presidente | D77: Frente Popular | E77: 111 | I77: Junta Vecinal por Cnia. S. María
A78: 13 | B78: CATRILO | C78: Presidente | D78: Alianza Compromiso Federal | E78: 179 | I78: Frente Unión por Chacharramendi
A79: 13 | B79: CATRILO | C79: Presidente | D79: Frente Amplio Progresista | E79: 169 | I79: Junta Vecinal Unidos por Acha
A80: 13 | B80: CATRILO | C80: Presidente | D80: Frente de Izquierda y de los Trabajadores | E80: 23 | I80: Movimiento Vecinal Achense
A81: 13 | B81: CATRILO | C81: Presidente | D81: Unión para el Desarrollo Social | E81: 445 | I81: Unión Vecinal Achense
A82: 13 | B82: CATRILO | C82: Presidente | D82: Blanco | E82: 314 | I82: FREPAM
A83: 13 | B83: CATRILO | C83: Presidente | D83: Nulo | E83: 4 | F83: =SUM(E75:E83) -> 2734
A84: 14 | B84: LA GLORIA | C84: Presidente | D84: Coalición Cívica ARI | E84: 12 | I84: Nulo
A85: 14 | B85: LA GLORIA | C85: Presidente | D85: Alianza FPV | E85: 2 | I85: Punto de Unión Doblense
A86: 14 | B86: LA GLORIA | C86: Presidente | D86: Frente Popular | E86: 2 | I86: GEN
A87: 14 | B87: LA GLORIA | C87: Presidente | D87: Alianza Compromiso Federal | E87: 3 | I87: Alianza Compromiso Federal
A88: 14 | B88: LA GLORIA | C88: Presidente | D88: Frente Amplio Progresista | E88: 2 | I88: Cambiemos - FREPAM
A89: 14 | B89: LA GLORIA | C89: Presidente | D89: Frente de Izquierda y de los Trabajadores | E89: 0 | I89: Partido de los Trabajadores Soc.
A90: 14 | B90: LA GLORIA | C90: Presidente | D90: Unión para el Desarrollo Social | E90: 0 | I90: Frente Propuesta Federal
A91: 14 | B91: LA GLORIA | C91: Presidente | D91: Blanco | E91: 5
A92: 14 | B92: LA GLORIA | C92: Presidente | D92: Nulo | E92: 0 | F92: =SUM(E84:E92) -> 26
A93: 15 | B93: LONQUIMAY | C93: Presidente | D93: Coalición Cívica ARI | E93: 10
A94: 15 | B94: LONQUIMAY | C94: Presidente | D94: Alianza FPV | E94: 608
A95: 15 | B95: LONQUIMAY | C95: Presidente | D95: Frente Popular | E95: 65
A96: 15 | B96: LONQUIMAY | C96: Presidente | D96: Alianza Compromiso Federal | E96: 122
A97: 15 | B97: LONQUIMAY | C97: Presidente | D97: Frente Amplio Progresista | E97: 98
A98: 15 | B98: LONQUIMAY | C98: Presidente | D98: Frente de Izquierda y de los Trabajadores | E98: 9
A99: 15 | B99: LONQUIMAY | C99: Presidente | D99: Unión para el Desarrollo Social | E99: 154
A100: 15 | B100: LONQUIMAY | C100: Presidente | D100: Blanco | E100: 136
A101: 15 | B101: LONQUIMAY | C101: Presidente | D101: Nulo | E101: 47 | F101: =SUM(E93:E101) -> 1249
...

Sheet 2013Gral
I3: Categorías | J3: Destino
I4: Intendente | J4: PJ
A5: Circuito | B5: Localidad | C5: Categoria | D5: Destino | E5: Cantidad | F5: TOTAL | G5: PADRON | I5: Concejales | J5: Alianza
A6: 1 | B6: DOBLAS | C6: Diputado Nac. | D6: PJ | E6: 447 | G6: 1464 | I6: Juez de Paz | J6: Blanco
A7: 1 | B7: DOBLAS | C7: Diputado Nac. | D7: Humanista | E7: 32 | I7: Presidente Comisión de Fomento | J7: Humanista
A8: 1 | B8: DOBLAS | C8: Diputado Nac. | D8: Pueblo Nuevo | E8: 22 | I8: Vocales | J8: Acción por la República
A9: 1 | B9: DOBLAS | C9: Diputado Nac. | D9: Partido de los Trabajadores Soc. | E9: 13 | I9: Presidente | J9: Movimiento Federalista Pampeano
A10: 1 | B10: DOBLAS | C10: Diputado Nac. | D10: FREPAM | E10: 388 | I10: Senador Nac. | J10: Socialismo Auténtico
A11: 1 | B11: DOBLAS | C11: Diputado Nac. | D11: Frente Propuesta Federal | E11: 245 | I11: Diputado Nac. | J11: Frente Pueblo Unido - Socialismo Auténtico
A12: 1 | B12: DOBLAS | C12: Diputado Nac. | D12: Blanco | E12: 11 | J12: Unión Popular de La Adela
A13: 1 | B13: DOBLAS | C13: Diputado Nac. | D13: Nulo | E13: 34 | F13: =SUM(E6:E13) -> 1192 | J13: Convocatoria Independiente
A14: 2 | B14: MACACHIN | C14: Diputado Nac. | D14: PJ | E14: 1802 | G14: 4313 | J14: Patria Grande
A15: 2 | B15: MACACHIN | C15: Diputado Nac. | D15: Humanista | E15: 98 | J15: Alianza Unión por Santa Isabel
A16: 2 | B16: MACACHIN | C16: Diputado Nac. | D16: Pueblo Nuevo | E16: 70 | J16: Junta Vecinal de Mauricio Mayer
A17: 2 | B17: MACACHIN | C17: Diputado Nac. | D17: Partido de los Trabajadores Soc. | E17: 38 | J17: Intransigente
A18: 2 | B18: MACACHIN | C18: Diputado Nac. | D18: FREPAM | E18: 1232 | J18: Alianza Victorica Electoral y Programática
A19: 2 | B19: MACACHIN | C19: Diputado Nac. | D19: Frente Propuesta Federal | E19: 315 | J19: Junta vecinal por y para Ceballos
A20: 2 | B20: MACACHIN | C20: Diputado Nac. | D20: Blanco | E20: 31 | J20: Junta Vecinal de Relmo
A21: 2 | B21: MACACHIN | C21: Diputado Nac. | D21: Nulo | E21: 39 | F21: =SUM(E14:E21) -> 3625 | J21: Unidos por Villa Mirasol
A22: 3 | B22: MIGUEL RIGLOS | C22: Diputado Nac. | D22: PJ | E22: 859 | G22: 2039 | J22: Unión Vecinal Villa Mirasol
A23: 3 | B23: MIGUEL RIGLOS | C23: Diputado Nac. | D23: Humanista | E23: 24 | J23: Junta Vecinal por Arauz
A24: 3 | B24: MIGUEL RIGLOS | C24: Diputado Nac. | D24: Pueblo Nuevo | E24: 34 | J24: Movimiento Popular Veinticinqueño Juntos por 25
A25: 3 | B25: MIGUEL RIGLOS | C25: Diputado Nac. | D25: Partido de los Trabajadores Soc. | E25: 18 | J25: Unión Vecinal La Maruja
A26: 3 | B26: MIGUEL RIGLOS | C26: Diputado Nac. | D26: FREPAM | E26: 628 | J26: Unión Vecinal de Pichi Huinca
A27: 3 | B27: MIGUEL RIGLOS | C27: Diputado Nac. | D27: Frente Propuesta Federal | E27: 78 | J27: Junta Vecinal de A. Van Praet
A28: 3 | B28: MIGUEL RIGLOS | C28: Diputado Nac. | D28: Blanco | E28: 23 | J28: Junta Vecinal de Falucho
A29: 3 | B29: MIGUEL RIGLOS | C29: Diputado Nac. | D29: Nulo | E29: 17 | F29: =SUM(E22:E29) -> 1681 | J29: Junta Vecinal Quetrequén Somos Todos
A30: 4 | B30: ROLON | C30: Diputado Nac. | D30: PJ | E30: 248 | G30: 598 | J30: Junta Vecinal Unión por Metileo
A31: 4 | B31: ROLON | C31: Diputado Nac. | D31: Humanista | E31: 19 | J31: Frente Alternativa Pampeana
A32: 4 | B32: ROLON | C32: Diputado Nac. | D32: Pueblo Nuevo | E32: 14 | J32: Frente Popular Anguil
A33: 4 | B33: ROLON | C33: Diputado Nac. | D33: Partido de los Trabajadores Soc. | E33: 7 | J33: Unidad 25
A34: 4 | B34: ROLON | C34: Diputado Nac. | D34: FREPAM | E34: 128 | J34: Alianza Frente Mapa
A35: 4 | B35: ROLON | C35: Diputado Nac. | D35: Frente Propuesta Federal | E35: 71 | J35: Alianza FPV
A36: 4 | B36: ROLON | C36: Diputado Nac. | D36: Blanco | E36: 10 | J36: Alianza Movimiento de Unidad Popular
A37: 4 | B37: ROLON | C37: Diputado Nac. | D37: Nulo | E37: 1 | F37: =SUM(E30:E37) -> 498 | J37: Frente de Integración Pampeana
A38: 5 | B38: TOMAS M DE ANCHORENA | C38: Diputado Nac. | D38: PJ | E38: 47 | G38: 375 | J38: Popular de la Reconstrucción
A39: 5 | B39: TOMAS M DE ANCHORENA | C39: Diputado Nac. | D39: Humanista | E39: 2 | J39: Pueblo Nuevo
A40: 5 | B40: TOMAS M DE ANCHORENA | C40: Diputado Nac. | D40: Pueblo Nuevo | E40: 11 | J40: Junta Vecinal por Catriló
A41: 5 | B41: TOMAS M DE ANCHORENA | C41: Diputado Nac. | D41: Partido de los Trabajadores Soc. | E41: 5 | J41: Junta Vecinal Cambio y Progreso por Lonquimay
A42: 5 | B42: TOMAS M DE ANCHORENA | C42: Diputado Nac. | D42: FREPAM | E42: 179 | J42: Afirmación para una República Igualitaria
A43: 5 | B43: TOMAS M DE ANCHORENA | C43: Diputado Nac. | D43: Frente Propuesta Federal | E43: 54 | J43: Movimiento de Integración y Desarrollo
A44: 5 | B44: TOMAS M DE ANCHORENA | C44: Diputado Nac. | D44: Blanco | E44: 9 | J44: Unión por el Trabajo y el Progreso de Santa Isabel
A45: 5 | B45: TOMAS M DE ANCHORENA | C45: Diputado Nac. | D45: Nulo | E45: 2 | F45: =SUM(E38:E45) -> 309 | J45: Frente para el Cambio de Larroude
A46: 6 | B46: ANGUIL | C46: Diputado Nac. | D46: PJ | E46: 489 | G46: 1605 | J46: Frente Todos por Ceballos
A47: 6 | B47: ANGUIL | C47: Diputado Nac. | D47: Humanista | E47: 43 | J47: Frente Vecinal Alvearense
A48: 6 | B48: ANGUIL | C48: Diputado Nac. | D48: Pueblo Nuevo | E48: 29 | J48: Frente Unión por Algarrobo del Aguila
A49: 6 | B49: ANGUIL | C49: Diputado Nac. | D49: Partido de los Trabajadores Soc. | E49: 26 | J49: Frente Unión por La Humada
A50: 6 | B50: ANGUIL | C50: Diputado Nac. | D50: FREPAM | E50: 648 | J50: Frente Integrador por E. Castex
A51: 6 | B51: ANGUIL | C51: Diputado Nac. | D51: Frente Propuesta Federal | E51: 78
A52: 6 | B52: ANGUIL | C52: Diputado Nac. | D52: Blanco | E52: 49 | J52: Juntos por Bernasconi
A53: 6 | B53: ANGUIL | C53: Diputado Nac. | D53: Nulo | E53: 4 | F53: =SUM(E46:E53) -> 1366 | J53: Todos por San Martín
A54: 9 y 10 | B54: SANTA ROSA | C54: Diputado Nac. | D54: PJ | E54: 18776 | G54: 85396 | J54: Socialista Popular
A55: 9 y 10 | B55: SANTA ROSA | C55: Diputado Nac. | D55: Humanista | E55: 3962
A56: 9 y 10 | B56: SANTA ROSA | C56: Diputado Nac. | D56: Pueblo Nuevo | E56: 1810 | J56: Frente Vecinal Todos por Pico
A57: 9 y 10 | B57: SANTA ROSA | C57: Diputado Nac. | D57: Partido de los Trabajadores Soc. | E57: 2252 | J57: Cívico Pampeano
A58: 9 y 10 | B58: SANTA ROSA | C58: Diputado Nac. | D58: FREPAM | E58: 28150
A59: 9 y 10 | B59: SANTA ROSA | C59: Diputado Nac. | D59: Frente Propuesta Federal | E59: 9680
A60: 9 y 10 | B60: SANTA ROSA | C60: Diputado Nac. | D60: Blanco | E60: 631 | J60: Unión por 25 de Mayo
A61: 9 y 10 | B61: SANTA ROSA | C61: Diputado Nac. | D61: Nulo | E61: 1449 | F61: =SUM(E54:E61) -> 66710 | J61: Junta Vecinal Unidos por Puelén
A62: 11 | B62: LA ADELA | C62: Diputado Nac. | D62: PJ | E62: 584 | G62: 1578 | J62: Junta Vecinal Quemuense
A63: 11 | B63: LA ADELA | C63: Diputado Nac. | D63: Humanista | E63: 50 | J63: Frente Pampeano para la Victoria
A64: 11 | B64: LA ADELA | C64: Diputado Nac. | D64: Pueblo Nuevo | E64: 88
A65: 11 | B65: LA ADELA | C65: Diputado Nac. | D65: Partido de los Trabajadores Soc. | E65: 40 | J65: Frente Vecinal Realicó
A66: 11 | B66: LA ADELA | C66: Diputado Nac. | D66: FREPAM | E66: 315 | J66: Alianza Esperanza por Toay
A67: 11 | B67: LA ADELA | C67: Diputado Nac. | D67: Frente Propuesta Federal | E67: 100 | J67: Frente Vecinal por Trenel
A68: 11 | B68: LA ADELA | C68: Diputado Nac. | D68: Blanco | E68: 17 | J68: Junta Vecinal A. Roca
A69: 11 | B69: LA ADELA | C69: Diputado Nac. | D69: Nulo | E69: 41 | F69: =SUM(E62:E69) -> 1235 | J69: Junta Vecinal por Cnia. S. María
A70: 13 | B70: CATRILO | C70: Diputado Nac. | D70: PJ | E70: 1379 | G70: 3357 | J70: Frente Unión por Chacharramendi
A71: 13 | B71: CATRILO | C71: Diputado Nac. | D71: Humanista | E71: 62 | J71: Junta Vecinal Unidos por Acha
A72: 13 | B72: CATRILO | C72: Diputado Nac. | D72: Pueblo Nuevo | E72: 62 | J72: Movimiento Vecinal Achense
A73: 13 | B73: CATRILO | C73: Diputado Nac. | D73: Partido de los Trabajadores Soc. | E73: 35 | J73: Unión Vecinal Achense
A74: 13 | B74: CATRILO | C74: Diputado Nac. | D74: FREPAM | E74: 757 | J74: FREPAM
A75: 13 | B75: CATRILO | C75: Diputado Nac. | D75: Frente Propuesta Federal | E75: 406 | J75: Nulo
A76: 13 | B76: CATRILO | C76: Diputado Nac. | D76: Blanco | E76: 20 | J76: Punto de Unión Doblense
A77: 13 | B77: CATRILO | C77: Diputado Nac. | D77: Nulo | E77: 22 | F77: =SUM(E70:E77) -> 2743 | J77: GEN
A78: 14 | B78: LA GLORIA | C78: Diputado Nac. | D78: PJ | E78: 10 | G78: 37 | J78: Alianza Compromiso Federal
A79: 14 | B79: LA GLORIA | C79: Diputado Nac. | D79: Humanista | E79: 1 | J79: Cambiemos - FREPAM
A80: 14 | B80: LA GLORIA | C80: Diputado Nac. | D80: Pueblo Nuevo | E80: 0 | J80: Partido de los Trabajadores Soc.
A81: 14 | B81: LA GLORIA | C81: Diputado Nac. | D81: Partido de los Trabajadores Soc. | E81: 0 | J81: Frente Propuesta Federal
A82: 14 | B82: LA GLORIA | C82: Diputado Nac. | D82: FREPAM | E82: 9
A83: 14 | B83: LA GLORIA | C83: Diputado Nac. | D83: Frente Propuesta Federal | E83: 4
A84: 14 | B84: LA GLORIA | C84: Diputado Nac. | D84: Blanco | E84: 0
A85: 14 | B85: LA GLORIA | C85: Diputado Nac. | D85: Nulo | E85: 0 | F85: =SUM(E78:E85) -> 24
A86: 15 | B86: LONQUIMAY | C86: Diputado Nac. | D86: PJ | E86: 445 | G86: 1476
A87: 15 | B87: LONQUIMAY | C87: Diputado Nac. | D87: Humanista | E87: 25
A88: 15 | B88: LONQUIMAY | C88: Diputado Nac. | D88: Pueblo Nuevo | E88: 40
A89: 15 | B89: LONQUIMAY | C89: Diputado Nac. | D89: Partido de los Trabajadores Soc. | E89: 21
A90: 15 | B90: LONQUIMAY | C90: Diputado Nac. | D90: FREPAM | E90: 386
A91: 15 | B91: LONQUIMAY | C91: Diputado Nac. | D91: Frente Propuesta Federal | E91: 257
A92: 15 | B92: LONQUIMAY | C92: Diputado Nac. | D92: Blanco | E92: 11
A93: 15 | B93: LONQUIMAY | C93: Diputado Nac. | D93: Nulo | E93: 21 | F93: =SUM(E86:E93) -> 1206
A94: 16 | B94: URIBURU | C94: Diputado Nac. | D94: PJ | E94: 425 | G94: 843
A95: 16 | B95: URIBURU | C95: Diputado Nac. | D95: Humanista | E95: 11
A96: 16 | B96: URIBURU | C96: Diputado Nac. | D96: Pueblo Nuevo | E96: 20
A97: 16 | B97: URIBURU | C97: Diputado Nac. | D97: Partido de los Trabajadores Soc. | E97: 5
A98: 16 | B98: URIBURU | C98: Diputado Nac. | D98: FREPAM | E98: 205
A99: 16 | B99: URIBURU | C99: Diputado Nac. | D99: Frente Propuesta Federal | E99: 48
A100: 16 | B100: URIBURU | C100: Diputado Nac. | D100: Blanco | E100: 4
A101: 16 | B101: URIBURU | C101: Diputado Nac. | D101: Nulo | E101: 18 | F101: =SUM(E94:E101) -> 736
A102: 17 | B102: CNIA. EMILIO MITRE | C102: Diputado Nac. | D102: PJ | E102: 19 | G102: 47
...

Sheet 2015-Prov
I3: Categorías | J3: Destino
I4: Intendente | J4: PJ
A5: Circuito | B5: Localidad | C5: Categoria | D5: Destino | E5: Cantidad | F5: TOTAL | G5: PADRON | I5: Concejales | J5: Alianza
A6: 1 | B6: DOBLAS | C6: Intendente | D6: PJ | E6: 454 | I6: Juez de Paz | J6: Blanco
A7: 1 | B7: DOBLAS | C7: Intendente | D7: FREPAM | E7: 318 | I7: Presidente Comisión de Fomento | J7: Humanista
A8: 1 | B8: DOBLAS | C8: Intendente | D8: Punto de Unión Doblense | E8: 415 | I8: Vocales | J8: Acción por la República
A9: 1 | B9: DOBLAS | C9: Intendente | D9: Blanco | E9: 74 | I9: Presidente | J9: Movimiento Federalista Pampeano
A10: 1 | B10: DOBLAS | C10: Intendente | D10: Nulo | E10: 2 | F10: =SUM(E6:E10) -> 1263 | I10: Senador Nac. | J10: Socialismo Auténtico
A11: 1 | B11: DOBLAS | C11: Concejales | D11: PJ | E11: 421 | I11: Diputado Nac. | J11: Frente Pueblo Unido - Socialismo Auténtico
A12: 1 | B12: DOBLAS | C12: Concejales | D12: FREPAM | E12: 269 | I12: Gobernador | J12: Unión Popular de La Adela
A13: 1 | B13: DOBLAS | C13: Concejales | D13: Punto de Unión Doblense | E13: 473 | I13: Diputados Provinciales | J13: Convocatoria Independiente
A14: 1 | B14: DOBLAS | C14: Concejales | D14: Blanco | E14: 98 | J14: Patria Grande
A15: 1 | B15: DOBLAS | C15: Concejales | D15: Nulo | E15: 2 | F15: =SUM(E11:E15) -> 1263 | J15: Alianza Unión por Santa Isabel
A16: 1 | B16: DOBLAS | C16: Juez de Paz | D16: PJ | E16: 386 | J16: Junta Vecinal de Mauricio Mayer
A17: 1 | B17: DOBLAS | C17: Juez de Paz | D17: Punto de Unión Doblense | E17: 632 | J17: Intransigente
A18: 1 | B18: DOBLAS | C18: Juez de Paz | D18: Blanco | E18: 243 | J18: Alianza Victorica Electoral y Programática
A19: 1 | B19: DOBLAS | C19: Juez de Paz | D19: Nulo | E19: 2 | F19: =SUM(E16:E19) -> 1263 | J19: Junta vecinal por y para Ceballos
A20: 2 | B20: MACACHIN | C20: Intendente | D20: PJ | E20: 1730 | J20: Junta Vecinal de Relmo
A21: 2 | B21: MACACHIN | C21: Intendente | D21: GEN | E21: 298 | J21: Unidos por Villa Mirasol
A22: 2 | B22: MACACHIN | C22: Intendente | D22: FREPAM | E22: 1463 | J22: Unión Vecinal Villa Mirasol
A23: 2 | B23: MACACHIN | C23: Intendente | D23: Blanco | E23: 372 | J23: Junta Vecinal por Arauz
A24: 2 | B24: MACACHIN | C24: Intendente | D24: Nulo | E24: 16 | F24: =SUM(E20:E24) -> 3879 | J24: Movimiento Popular Veinticinqueño Juntos por 25
A25: 2 | B25: MACACHIN | C25: Concejales | D25: PJ | E25: 1680 | J25: Unión Vecinal La Maruja
A26: 2 | B26: MACACHIN | C26: Concejales | D26: GEN | E26: 287 | J26: Unión Vecinal de Pichi Huinca
A27: 2 | B27: MACACHIN | C27: Concejales | D27: FREPAM | E27: 1441 | J27: Junta Vecinal de A. Van Praet
A28: 2 | B28: MACACHIN | C28: Concejales | D28: Blanco | E28: 454 | J28: Junta Vecinal de Falucho
A29: 2 | B29: MACACHIN | C29: Concejales | D29: Nulo | E29: 17 | F29: =SUM(E25:E29) -> 3879 | J29: Junta Vecinal Quetrequén Somos Todos
A30: 2 | B30: MACACHIN | C30: Juez de Paz | D30: PJ | E30: 1886 | J30: Junta Vecinal Unión por Metileo
A31: 2 | B31: MACACHIN | C31: Juez de Paz | D31: FREPAM | E31: 1311 | J31: Frente Alternativa Pampeana
A32: 2 | B32: MACACHIN | C32: Juez de Paz | D32: Blanco | E32: 664 | J32: Frente Popular Anguil
A33: 2 | B33: MACACHIN | C33: Juez de Paz | D33: Nulo | E33: 18 | F33: =SUM(E30:E33) -> 3879 | J33: Unidad 25
A34: 3 | B34: MIGUEL RIGLOS | C34: Intendente | D34: PJ | E34: 1067 | J34: Alianza Frente Mapa
A35: 3 | B35: MIGUEL RIGLOS | C35: Intendente | D35: FREPAM | E35: 769 | J35: Alianza FPV
A36: 3 | B36: MIGUEL RIGLOS | C36: Intendente | D36: Blanco | E36: 55 | J36: Alianza Movimiento de Unidad Popular
A37: 3 | B37: MIGUEL RIGLOS | C37: Intendente | D37: Nulo | E37: 1 | F37: =SUM(E34:E37) -> 1892 | J37: Frente de Integración Pampeana
A38: 3 | B38: MIGUEL RIGLOS | C38: Concejales | D38: PJ | E38: 1024 | J38: Popular de la Reconstrucción
A39: 3 | B39: MIGUEL RIGLOS | C39: Concejales | D39: FREPAM | E39: 791 | J39: Pueblo Nuevo
A40: 3 | B40: MIGUEL RIGLOS | C40: Concejales | D40: Blanco | E40: 77 | F40: =SUM(E38:E40) -> 1892 | J40: Junta Vecinal por Catriló
A41: 3 | B41: MIGUEL RIGLOS | C41: Juez de Paz | D41: PJ | E41: 1098 | J41: Junta Vecinal Cambio y Progreso por Lonquimay
A42: 3 | B42: MIGUEL RIGLOS | C42: Juez de Paz | D42: FREPAM | E42: 721 | J42: Afirmación para una República Igualitaria
A43: 3 | B43: MIGUEL RIGLOS | C43: Juez de Paz | D43: Blanco | E43: 73 | F43: =SUM(E41:E43) -> 1892 | J43: Movimiento de Integración y Desarrollo
A44: 4 | B44: ROLON | C44: Intendente | D44: PJ | E44: 284 | J44: Unión por el Trabajo y el Progreso de Santa Isabel
A45: 4 | B45: ROLON | C45: Intendente | D45: FREPAM | E45: 264 | J45: Frente para el Cambio de Larroude
A46: 4 | B46: ROLON | C46: Intendente | D46: Blanco | E46: 29 | J46: Frente Todos por Ceballos
A47: 4 | B47: ROLON | C47: Intendente | D47: Nulo | E47: 1 | F47: =SUM(E44:E47) -> 578 | J47: Frente Vecinal Alvearense
A48: 4 | B48: ROLON | C48: Concejales | D48: PJ | E48: 268 | J48: Frente Unión por Algarrobo del Aguila
A49: 4 | B49: ROLON | C49: Concejales | D49: FREPAM | E49: 260 | J49: Frente Unión por La Humada
A50: 4 | B50: ROLON | C50: Concejales | D50: Blanco | E50: 49 | J50: Frente Integrador por E. Castex
A51: 4 | B51: ROLON | C51: Concejales | D51: Nulo | E51: 1 | F51: =SUM(E48:E51) -> 578
A52: 4 | B52: ROLON | C52: Juez de Paz | D52: PJ | E52: 280 | J52: Juntos por Bernasconi
A53: 4 | B53: ROLON | C53: Juez de Paz | D53: FREPAM | E53: 268 | J53: Todos por San Martín
A54: 4 | B54: ROLON | C54: Juez de Paz | D54: Blanco | E54: 29 | J54: Socialista Popular
A55: 4 | B55: ROLON | C55: Juez de Paz | D55: Nulo | E55: 1 | F55: =SUM(E52:E55) -> 578
A56: 5 | B56: TOMAS M DE ANCHORENA | C56: Intendente | D56: PJ | E56: 173 | J56: Frente Vecinal Todos por Pico
A57: 5 | B57: TOMAS M DE ANCHORENA | C57: Intendente | D57: FREPAM | E57: 166 | J57: Cívico Pampeano
A58: 5 | B58: TOMAS M DE ANCHORENA | C58: Intendente | D58: Blanco | E58: 5
A59: 5 | B59: TOMAS M DE ANCHORENA | C59: Intendente | D59: Nulo | E59: 1 | F59: =SUM(E56:E59) -> 345
A60: 5 | B60: TOMAS M DE ANCHORENA | C60: Intendente | D60: PJ | E60: 166 | J60: Unión por 25 de Mayo
A61: 5 | B61: TOMAS M DE ANCHORENA | C61: Concejales | D61: FREPAM | E61: 168 | J61: Junta Vecinal Unidos por Puelén
A62: 5 | B62: TOMAS M DE ANCHORENA | C62: Concejales | D62: Blanco | E62: 10 | J62: Junta Vecinal Quemuense
A63: 5 | B63: TOMAS M DE ANCHORENA | C63: Concejales | D63: Nulo | E63: 1 | F63: =SUM(E60:E63) -> 345 | J63: Frente Pampeano para la Victoria
A64: 5 | B64: TOMAS M DE ANCHORENA | C64: Juez de Paz | D64: PJ | E64: 167
A65: 5 | B65: TOMAS M DE ANCHORENA | C65: Juez de Paz | D65: FREPAM | E65: 167 | J65: Frente Vecinal Realicó
A66: 5 | B66: TOMAS M DE ANCHORENA | C66: Juez de Paz | D66: Blanco | E66: 9 | J66: Alianza Esperanza por Toay
A67: 5 | B67: TOMAS M DE ANCHORENA | C67: Juez de Paz | D67: Nulo | E67: 2 | F67: =SUM(E64:E67) -> 345 | J67: Frente Vecinal por Trenel
A68: 6 | B68: ANGUIL | C68: Intendente | D68: PJ | E68: 693 | J68: Junta Vecinal A. Roca
A69: 6 | B69: ANGUIL | C69: Intendente | D69: FREPAM | E69: 766 | J69: Junta Vecinal por Cnia. S. María
A70: 6 | B70: ANGUIL | C70: Intendente | D70: Blanco | E70: 75 | J70: Frente Unión por Chacharramendi
A71: 6 | B71: ANGUIL | C71: Intendente | D71: Nulo | E71: 7 | F71: =SUM(E68:E71) -> 1541 | J71: Junta Vecinal Unidos por Acha
A72: 6 | B72: ANGUIL | C72: Concejales | D72: PJ | E72: 684 | J72: Movimiento Vecinal Achense
A73: 6 | B73: ANGUIL | C73: Concejales | D73: FREPAM | E73: 746 | J73: Unión Vecinal Achense
A74: 6 | B74: ANGUIL | C74: Concejales | D74: Blanco | E74: 103 | J74: FREPAM
A75: 6 | B75: ANGUIL | C75: Concejales | D75: Nulo | E75: 8 | F75: =SUM(E72:E75) -> 1541 | J75: Nulo
A76: 6 | B76: ANGUIL | C76: Juez de Paz | D76: PJ | E76: 704 | J76: Punto de Unión Doblense
A77: 6 | B77: ANGUIL | C77: Juez de Paz | D77: FREPAM | E77: 736 | J77: GEN
A78: 6 | B78: ANGUIL | C78: Juez de Paz | D78: Blanco | E78: 94 | J78: Alianza Compromiso Federal
A79: 6 | B79: ANGUIL | C79: Juez de Paz | D79: Nulo | E79: 7 | F79: =SUM(E76:E79) -> 1541 | J79: Cambiemos - FREPAM
A80: 9 y 10 | B80: SANTA ROSA | C80: Intendente | D80: PJ | E80: 16833 | J80: Frente de Izquierda y de los Trabajadores
A81: 9 y 10 | B81: SANTA ROSA | C81: Intendente | D81: Socialismo Auténtico | E81: 433
A82: 9 y 10 | B82: SANTA ROSA | C82: Intendente | D82: GEN | E82: 1234
A83: 9 y 10 | B83: SANTA ROSA | C83: Intendente | D83: Pueblo Nuevo | E83: 5509
A84: 9 y 10 | B84: SANTA ROSA | C84: Intendente | D84: FREPAM | E84: 30158
A85: 9 y 10 | B85: SANTA ROSA | C85: Intendente | D85: Patria Grande | E85: 915
A86: 9 y 10 | B86: SANTA ROSA | C86: Intendente | D86: Frente Pampeano para la Victoria | E86: 5072
A87: 9 y 10 | B87: SANTA ROSA | C87: Intendente | D87: Blanco | E87: 9287
A88: 9 y 10 | B88: SANTA ROSA | C88: Intendente | D88: Nulo | E88: 613 | F88: =SUM(E80:E88) -> 70054
A89: 9 y 10 | B89: SANTA ROSA | C89: Concejales | D89: PJ | E89: 16959
A90: 9 y 10 | B90: SANTA ROSA | C90: Concejales | D90: Socialismo Auténtico | E90: 467
A91: 9 y 10 | B91: SANTA ROSA | C91: Concejales | D91: GEN | E91: 1273
A92: 9 y 10 | B92: SANTA ROSA | C92: Concejales | D92: Pueblo Nuevo | E92: 5525
A93: 9 y 10 | B93: SANTA ROSA | C93: Concejales | D93: FREPAM | E93: 28024
A94: 9 y 10 | B94: SANTA ROSA | C94: Concejales | D94: Patria Grande | E94: 986
A95: 9 y 10 | B95: SANTA ROSA | C95: Concejales | D95: Frente Pampeano para la Victoria | E95: 5209
A96: 9 y 10 | B96: SANTA ROSA | C96: Concejales | D96: Blanco | E96: 11016
A97: 9 y 10 | B97: SANTA ROSA | C97: Concejales | D97: Nulo | E97: 595 | F97: =SUM(E89:E97) -> 70054
A98: 9 y 10 | B98: SANTA ROSA | C98: Juez de Paz | D98: PJ | E98: 16822
A99: 9 y 10 | B99: SANTA ROSA | C99: Juez de Paz | D99: Socialismo Auténtico | E99: 498
A100: 9 y 10 | B100: SANTA ROSA | C100: Juez de Paz | D100: GEN | E100: 1232
A101: 9 y 10 | B101: SANTA ROSA | C101: Juez de Paz | D101: Pueblo Nuevo | E101: 5523
A102: 9 y 10 | B102: SANTA ROSA | C102: Juez de Paz | D102: FREPAM | E102: 27889
...

Sheet Tabla dinámica 1
A2: Elección 2015 Categoría LEGISLATIVOS NACIONALES
A5: SUM of Cantidad | B5: Destino | C5: Categoria
B6: Alianza FPV | D6: Cambiemos - FREPAM | F6: Blanco | H6: Pueblo Nuevo | J6: GEN | L6: Nulo
A7: Localidad | B7: Senador Nac. | C7: Diputado Nac. | D7: Senador Nac. | E7: Diputado Nac. | F7: Diputado Nac. | G7: Senador Nac. | H7: Senador Nac. | I7: Diputado Nac. | J7: Senador Nac. | K7: Diputado Nac. | L7: Senador Nac. | M7: Diputado Nac.
A8: SANTA ROSA | B8: 22106 | C8: 21892 | D8: 23505 | E8: 23541 | F8: 14678 | G8: 14296 | H8: 7742 | I8: 7612 | J8: 1841 | K8: 1783 | L8: 561 | M8: 545
A9: GENERAL PICO | B9: 6059 | C9: 6068 | D9: 3416 | E9: 3430 | F9: 4328 | G9: 4283 | H9: 2472 | I9: 2416 | J9: 335 | K9: 322 | L9: 154 | M9: 155
A10: GRAL ACHA | B10: 2132 | C10: 2124 | D10: 2225 | E10: 2164 | F10: 3259 | G10: 3163 | H10: 1137 | I10: 1113 | J10: 90 | K10: 75 | L10: 88 | M10: 100
A11: TOAY | B11: 3138 | C11: 3175 | D11: 2598 | E11: 2580 | F11: 1812 | G11: 1756 | H11: 1019 | I11: 959 | J11: 198 | K11: 183 | L11: 41 | M11: 41
A12: EDUARDO CASTEX | B12: 2993 | C12: 2993 | D12: 2672 | E12: 2642 | F12: 964 | G12: 933 | H12: 469 | I12: 460 | J12: 64 | K12: 65 | L12: 66 | M12: 73
A13: CNIA. 25 DE MAYO | B13: 1997 | C13: 2283 | D13: 759 | E13: 734 | F13: 2143 | G13: 2375 | H13: 636 | I13: 605 | J13: 97 | K13: 96 | L13: 50 | M13: 53
A14: INT. ALVEAR | B14: 1757 | C14: 1780 | D14: 2210 | E14: 2193 | F14: 1222 | G14: 1218 | H14: 388 | I14: 369 | J14: 59 | K14: 68 | L14: 191 | M14: 191
A15: REALICO | B15: 2253 | C15: 2241 | D15: 2096 | E15: 2032 | F15: 918 | G15: 830 | H15: 294 | I15: 287 | J15: 56 | K15: 52 | L15: 15 | M15: 14
A16: VICTORICA | B16: 2093 | C16: 2081 | D16: 826 | E16: 830 | F16: 1260 | G16: 1245 | H16: 240 | I16: 237 | J16: 53 | K16: 51 | L16: 146 | M16: 144
A17: MACACHIN | B17: 1596 | C17: 1596 | D17: 1306 | E17: 1304 | F17: 585 | G17: 543 | H17: 227 | I17: 191 | J17: 178 | K17: 175 | L17: 16 | M17: 15
A18: ING. LUIGGI | B18: 1531 | C18: 1519 | D18: 1066 | E18: 1076 | F18: 553 | G18: 538 | H18: 219 | I18: 211 | J18: 69 | K18: 64 | L18: 22 | M18: 22
A19: CATRILO | B19: 1330 | C19: 1322 | D19: 1076 | E19: 1069 | F19: 528 | G19: 513 | H19: 189 | I19: 190 | J19: 17 | K19: 16 | L19: 9 | M19: 9
... A98: Total general | B98: 73268 | C98: 73243 | D98: 64254 | E98: 63946 | F98: 42312 | G98: 41312 | H98: 18252 | I98: 17759 | J98: 3665 | K98: 3521 | L98: 1559 | M98: 1529

Sheet 2015-Primarias
I3: Categorías | J3: Destino
I4: Intendente | J4: PJ
A5: Circuito | B5: Localidad | C5: Categoria | D5: Destino | E5: Cantidad | F5: TOTAL | G5: PADRON | I5: Concejales | J5: Alianza
A6: 9 y 10 | B6: SANTA ROSA | C6: Presidente | D6: Movimiento al Socialismo | E6: 437 | G6: =41964+46705 -> 88669 | I6: Juez de Paz | J6: Blanco
A7: 9 y 10 | B7: SANTA ROSA | C7: Presidente | D7: Socialismo Auténtico | E7: 0 | I7: Presidente Comisión de Fomento | J7: Humanista
A8: 9 y 10 | B8: SANTA ROSA | C8: Presidente | D8: Movimiento de Acción Vecinal | E8: 151 | I8: Vocales | J8: Acción por la República
A9: 9 y 10 | B9: SANTA ROSA | C9: Presidente | D9: Partido Popular | E9: 163 | I9: Presidente | J9: Movimiento Federalista Pampeano
A10: 9 y 10 | B10: SANTA ROSA | C10: Presidente | D10: Alianza FPV | E10: 25113 | I10: Senador Nac. | J10: Socialismo Auténtico
A11: 9 y 10 | B11: SANTA ROSA | C11: Presidente | D11: GEN | E11: 2363 | I11: Diputado Nac. | J11: Frente Pueblo Unido - Socialismo Auténtico
A12: 9 y 10 | B12: SANTA ROSA | C12: Presidente | D12: Alianza Compromiso Federal | E12: 1155 | J12: Unión Popular de La Adela
A13: 9 y 10 | B13: SANTA ROSA | C13: Presidente | D13: Nueva Izquierda | E13: 270 | J13: Convocatoria Independiente
A14: 9 y 10 | B14: SANTA ROSA | C14: Presidente | D14: Cambiemos - FREPAM | E14: 21560 | J14: Movimiento al Socialismo
A15: 9 y 10 | B15: SANTA ROSA | C15: Presidente | D15: Frente Popular | E15: 386 | J15: Movimiento de Acción Vecinal
A16: 9 y 10 | B16: SANTA ROSA | C16: Presidente | D16: Frente de Izquierda y de los Trabajadores | E16: 1805 | J16: Partido Popular
A17: 9 y 10 | B17: SANTA ROSA | C17: Presidente | D17: Unidos por una Nueva Alternativa | E17: 10462 | J17: Nueva Izquierda
A18: 9 y 10 | B18: SANTA ROSA | C18: Presidente | D18: Blanco | E18: 2421 | J18: Frente Popular
A19: 9 y 10 | B19: SANTA ROSA | C19: Presidente | D19: Nulo | E19: 1016 | F19: =SUM(E6:E19) -> 67302 | J19: Unidos por una Nueva Alternativa
A20: 9 y 10 | B20: SANTA ROSA | C20: Senador Nac. | D20: Socialismo Auténtico | E20: 436 | J20: Patria Grande
A21: 9 y 10 | B21: SANTA ROSA | C21: Senador Nac. | D21: Alianza FPV | E21: 26061 | J21: Alianza Unión por Santa Isabel
A22: 9 y 10 | B22: SANTA ROSA | C22: Senador Nac. | D22: GEN | E22: 1786 | J22: Junta Vecinal de Mauricio Mayer
A23: 9 y 10 | B23: SANTA ROSA | C23: Senador Nac. | D23: Cambiemos - FREPAM | E23: 23349 | J23: Intransigente
A24: 9 y 10 | B24: SANTA ROSA | C24: Senador Nac. | D24: Frente de Izquierda y de los Trabajadores | E24: 1366 | J24: Alianza Victorica Electoral y Programática
A25: 9 y 10 | B25: SANTA ROSA | C25: Senador Nac. | D25: Unidos por una Nueva Alternativa | E25: 6974 | J25: Junta vecinal por y para Ceballos
A26: 9 y 10 | B26: SANTA ROSA | C26: Senador Nac. | D26: Blanco | E26: 6434 | J26: Junta Vecinal de Relmo
A27: 9 y 10 | B27: SANTA ROSA | C27: Senador Nac. | D27: Nulo | E27: 896 | F27: =SUM(E20:E27) -> 67302 | J27: Unidos por Villa Mirasol
A28: 9 y 10 | B28: SANTA ROSA | C28: Diputado Nac. | D28: Socialismo Auténtico | E28: 503 | J28: Unión Vecinal Villa Mirasol
A29: 9 y 10 | B29: SANTA ROSA | C29: Diputado Nac. | D29: Alianza FPV | E29: 25597 | J29: Junta Vecinal por Arauz
A30: 9 y 10 | B30: SANTA ROSA | C30: Diputado Nac. | D30: GEN | E30: 1811 | J30: Movimiento Popular Veinticinqueño Juntos por 25
A31: 9 y 10 | B31: SANTA ROSA | C31: Diputado Nac. | D31: Cambiemos - FREPAM | E31: 22647 | J31: Unión Vecinal La Maruja
A32: 9 y 10 | B32: SANTA ROSA | C32: Diputado Nac. | D32: Frente de Izquierda y de los Trabajadores | E32: 1554 | J32: Unión Vecinal de Pichi Huinca
A33: 9 y 10 | B33: SANTA ROSA | C33: Diputado Nac. | D33: Unidos por una Nueva Alternativa | E33: 7023 | J33: Junta Vecinal de A. Van Praet
A34: 9 y 10 | B34: SANTA ROSA | C34: Diputado Nac. | D34: Blanco | E34: 7299 | J34: Junta Vecinal de Falucho
A35: 9 y 10 | B35: SANTA ROSA | C35: Diputado Nac. | D35: Nulo | E35: 868 | F35: =SUM(E28:E35) -> 67302 | J35: Junta Vecinal Quetrequén Somos Todos
A36: 57 y 58 | B36: GENERAL PICO | C36: Presidente | D36: Movimiento al Socialismo | E36: 166 | G36: =28399+20324 -> 48723 | J36: Junta Vecinal Unión por Metileo
A37: 57 y 58 | B37: GENERAL PICO | C37: Presidente | D37: Socialismo Auténtico | E37: 0 | J37: Frente Alternativa Pampeana
A38: 57 y 58 | B38: GENERAL PICO | C38: Presidente | D38: Movimiento de Acción Vecinal | E38: 74 | J38: Frente Popular Anguil
A39: 57 y 58 | B39: GENERAL PICO | C39: Presidente | D39: Partido Popular | E39: 92 | J39: Unidad 25
A40: 57 y 58 | B40: GENERAL PICO | C40: Presidente | D40: Alianza FPV | E40: 13874 | J40: Alianza Frente Mapa
A41: 57 y 58 | B41: GENERAL PICO | C41: Presidente | D41: GEN | E41: 1070 | J41: Alianza FPV
A42: 57 y 58 | B42: GENERAL PICO | C42: Presidente | D42: Alianza Compromiso Federal | E42: 1041 | J42: Alianza Movimiento de Unidad Popular
A43: 57 y 58 | B43: GENERAL PICO | C43: Presidente | D43: Nueva Izquierda | E43: 147 | J43: Frente de Integración Pampeana
A44: 57 y 58 | B44: GENERAL PICO | C44: Presidente | D44: Cambiemos - FREPAM | E44: 11955 | J44: Popular de la Reconstrucción
A45: 57 y 58 | B45: GENERAL PICO | C45: Presidente | D45: Frente Popular | E45: 213 | J45: Pueblo Nuevo
A46: 57 y 58 | B46: GENERAL PICO | C46: Presidente | D46: Frente de Izquierda y de los Trabajadores | E46: 769 | J46: Junta Vecinal por Catriló
A47: 57 y 58 | B47: GENERAL PICO | C47: Presidente | D47: Unidos por una Nueva Alternativa | E47: 6455 | J47: Junta Vecinal Cambio y Progreso por Lonquimay
A48: 57 y 58 | B48: GENERAL PICO | C48: Presidente | D48: Blanco | E48: 2091 | J48: Afirmación para una República Igualitaria
A49: 57 y 58 | B49: GENERAL PICO | C49: Presidente | D49: Nulo | E49: 520 | F49: =SUM(E36:E49) -> 38467 | J49: Movimiento de Integración y Desarrollo
A50: 57 y 58 | B50: GENERAL PICO | C50: Senador Nac. | D50: Socialismo Auténtico | E50: 272 | J50: Unión por el Trabajo y el Progreso de Santa Isabel
A51: 57 y 58 | B51: GENERAL PICO | C51: Senador Nac. | D51: Alianza FPV | E51: 16139 | J51: Frente para el Cambio de Larroude
A52: 57 y 58 | B52: GENERAL PICO | C52: Senador Nac. | D52: GEN | E52: 708 | J52: Frente Todos por Ceballos
A53: 57 y 58 | B53: GENERAL PICO | C53: Senador Nac. | D53: Cambiemos - FREPAM | E53: 12293 | J53: Frente Vecinal Alvearense
A54: 57 y 58 | B54: GENERAL PICO | C54: Senador Nac. | D54: Frente de Izquierda y de los Trabajadores | E54: 430 | J54: Frente Unión por Algarrobo del Aguila
A55: 57 y 58 | B55: GENERAL PICO | C55: Senador Nac. | D55: Unidos por una Nueva Alternativa | E55: 4322 | J55: Frente Unión por La Humada
A56: 57 y 58 | B56: GENERAL PICO | C56: Senador Nac. | D56: Blanco | E56: 3860 | J56: Frente Integrador por E. Castex
A57: 57 y 58 | B57: GENERAL PICO | C57: Senador Nac. | D57: Nulo | E57: 443 | F57: =SUM(E50:E57) -> 38467 | J57: Juntos por Bernasconi
A58: 57 y 58 | B58: GENERAL PICO | C58: Diputado Nac. | D58: Socialismo Auténtico | E58: 263 | J58: Todos por San Martín
A59: 57 y 58 | B59: GENERAL PICO | C59: Diputado Nac. | D59: Alianza FPV | E59: 16033 | J59: Socialista Popular
A60: 57 y 58 | B60: GENERAL PICO | C60: Diputado Nac. | D60: GEN | E60: 760 | J60: Frente Vecinal Todos por Pico
A61: 57 y 58 | B61: GENERAL PICO | C61: Diputado Nac. | D61: Cambiemos - FREPAM | E61: 11899 | J61: Cívico Pampeano
A62: 57 y 58 | B62: GENERAL PICO | C62: Diputado Nac. | D62: Frente de Izquierda y de los Trabajadores | E62: 472 | J62: Unión por 25 de Mayo
A63: 57 y 58 | B63: GENERAL PICO | C63: Diputado Nac. | D63: Unidos por una Nueva Alternativa | E63: 4305 | J63: Junta Vecinal Unidos por Puelén
A64: 57 y 58 | B64: GENERAL PICO | C64: Diputado Nac. | D64: Blanco | E64: 4322 | J64: Junta Vecinal Quemuense
A65: 57 y 58 | B65: GENERAL PICO | C65: Diputado Nac. | D65: Nulo | E65: 413 | F65: =SUM(E58:E65) -> 38467 | J65: Frente Pampeano para la Victoria
A66: 93 | B66: GRAL ACHA | C66: Presidente | D66: Movimiento al Socialismo | E66: 48 | G66: 11322 | J66: Frente Vecinal Realicó
A67: 93 | B67: GRAL ACHA | C67: Presidente | D67: Socialismo Auténtico | E67: 0 | J67: Alianza Esperanza por Toay
A68: 93 | B68: GRAL ACHA | C68: Presidente | D68: Movimiento de Acción Vecinal | E68: 21 | J68: Frente Vecinal por Trenel
A69: 93 | B69: GRAL ACHA | C69: Presidente | D69: Partido Popular | E69: 29 | J69: Junta Vecinal A. Roca
A70: 93 | B70: GRAL ACHA | C70: Presidente | D70: Alianza FPV | E70: 2433 | J70: Junta Vecinal por Cnia. S. María
A71: 93 | B71: GRAL ACHA | C71: Presidente | D71: GEN | E71: 119 | J71: Frente Unión por Chacharramendi
A72: 93 | B72: GRAL ACHA | C72: Presidente | D72: Alianza Compromiso Federal | E72: 148 | J72: Junta Vecinal Unidos por Acha
A73: 93 | B73: GRAL ACHA | C73: Presidente | D73: Nueva Izquierda | E73: 29 | J73: Movimiento Vecinal Achense
A74: 93 | B74: GRAL ACHA | C74: Presidente | D74: Cambiemos - FREPAM | E74: 3043 | J74: Unión Vecinal Achense
A75: 93 | B75: GRAL ACHA | C75: Presidente | D75: Frente Popular | E75: 38 | J75: FREPAM
A76: 93 | B76: GRAL ACHA | C76: Presidente | D76: Frente de Izquierda y de los Trabajadores | E76: 128 | J76: Nulo
A77: 93 | B77: GRAL ACHA | C77: Presidente | D77: Unidos por una Nueva Alternativa | E77: 1651 | J77: Punto de Unión Doblense
A78: 93 | B78: GRAL ACHA | C78: Presidente | D78: Blanco | E78: 391 | J78: GEN
A79: 93 | B79: GRAL ACHA | C79: Presidente | D79: Nulo | E79: 115 | F79: =SUM(E66:E79) -> 8193 | J79: Alianza Compromiso Federal
A80: 93 | B80: GRAL ACHA | C80: Senador Nac. | D80: Socialismo Auténtico | E80: 14 | J80: Cambiemos - FREPAM
A81: 93 | B81: GRAL ACHA | C81: Senador Nac. | D81: Alianza FPV | E81: 2692 | J81: Frente de Izquierda y de los Trabajadores
A82: 93 | B82: GRAL ACHA | C82: Senador Nac. | D82: GEN | E82: 107
A83: 93 | B83: GRAL ACHA | C83: Senador Nac. | D83: Cambiemos - FREPAM | E83: 3167
A84: 93 | B84: GRAL ACHA | C84: Senador Nac. | D84: Frente de Izquierda y de los Trabajadores | E84: 71
A85: 93 | B85: GRAL ACHA | C85: Senador Nac. | D85: Unidos por una Nueva Alternativa | E85: 1253
A86: 93 | B86: GRAL ACHA | C86: Senador Nac. | D86: Blanco | E86: 797
A87: 93 | B87: GRAL ACHA | C87: Senador Nac. | D87: Nulo | E87: 92 | F87: =SUM(E80:E87) -> 8193
A88: 93 | B88: GRAL ACHA | C88: Diputado Nac. | D88: Socialismo Auténtico | E88: 48
A89: 93 | B89: GRAL ACHA | C89: Diputado Nac. | D89: Alianza FPV | E89: 2649
A90: 93 | B90: GRAL ACHA | C90: Diputado Nac. | D90: GEN | E90: 124
A91: 93 | B91: GRAL ACHA | C91: Diputado Nac. | D91: Cambiemos - FREPAM | E91: 3037
A92: 93 | B92: GRAL ACHA | C92: Diputado Nac. | D92: Frente de Izquierda y de los Trabajadores | E92: 116
A93: 93 | B93: GRAL ACHA | C93: Diputado Nac. | D93: Unidos por una Nueva Alternativa | E93: 1218
A94: 93 | B94: GRAL ACHA | C94: Diputado Nac. | D94: Blanco | E94: 913
A95: 93 | B95: GRAL ACHA | C95: Diputado Nac. | D95: Nulo | E95: 88 | F95: =SUM(E88:E95) -> 8193
A96: 86 | B96: TOAY | C96: Presidente | D96: Movimiento al Socialismo | E96: 48 | G96: 10863
A97: 86 | B97: TOAY | C97: Presidente | D97: Socialismo Auténtico | E97: 0
A98: 86 | B98: TOAY | C98: Presidente | D98: Movimiento de Acción Vecinal | E98: 17
A99: 86 | B99: TOAY | C99: Presidente | D99: Partido Popular | E99: 86
A100: 86 | B100: TOAY | C100: Presidente | D100: Alianza FPV | E100: 3440
A101: 86 | B101: TOAY | C101: Presidente | D101: GEN | E101: 240
A102: 86 | B102: TOAY | C102: Presidente | D102: Alianza Compromiso Federal | E102: 127
...

Sheet Tabla dinámica 2
C3: ELECCION | D3: CATEGORIA
C4: 2017 PRIMARIA | E4: 2017GRAL | G4: 2019GRAL
C5: Diputado Nac. | E5: Diputado Nac.
A6: LOCALIDAD | B6: DESTINO | C6: Votos | D6: % | E6: Votos | F6: % | G6: Votos | H6: %
A7: SANTA ROSA | C7: 65254 | D7: 0.34105116 | E7: 68264 | F7: 0.31174335 | G7: 131130 | H7: 0.30310946
A8: GENERAL PICO | B8: 1 - PJ | C8: 6373 | D8: 0.29897729 | E8: 16854 | F8: 0.40855211 | G8: 36636 | H8: 0.47850165
B9: 2 - Frepam | C9: 12613 | D9: 0.59171514 | E9: 21991 | F9: 0.53307638 | G9: 22747 | H9: 0.29709785
B10: 3 - Otros | C10: 1170 | D10: 0.054888347 | E10: 1783 | F10: 0.043221099 | G10: 13211 | H10: 0.17254846
B11: 4 - Blanco/Nulo | C11: 1160 | D11: 0.054419216 | E11: 625 | F11: 0.015150413 | G11: 3970 | H11: 0.051852045
A12: Total GENERAL PICO | C12: 21316 | D12: 0.11140844 | E12: 41253 | F12: 0.18839137 | G12: 76564 | H12: 0.17697912 | K12: =9128+7839 -> 16967
A13: TOAY | B13: 1 - PJ | C13: 3678 | D13: 0.40880293 | E13: 4247 | F13: 0.46364629 | G13: 10328 | H13: 0.5470339
B14: 2 - Frepam | C14: 4242 | D14: 0.4714905 | E14: 4046 | F14: 0.44170306 | G14: 4131 | H14: 0.21880297
B15: 3 - Otros | C15: 621 | D15: 0.069023008 | E15: 602 | F15: 0.065720524 | G15: 3495 | H15: 0.18511653
B16: 4 - Blanco/Nulo | C16: 456 | D16: 0.050683561 | E16: 265 | F16: 0.028930131 | G16: 926 | H16: 0.04904661
A17: Total TOAY | C17: 8997 | D17: 0.047022976 | E17: 9160 | F17: 0.041831259 | G17: 18880 | H17: 0.043641474
A18: GRAL ACHA | B18: 1 - PJ | C18: 2319 | D18: 0.2851697 | E18: 3096 | F18: 0.35945664 | G18: 5764 | H18: 0.32668329
B19: 2 - Frepam | C19: 4767 | D19: 0.58620266 | E19: 4717 | F19: 0.54766051 | G19: 5961 | H19: 0.33784856
B20: 3 - Otros | C20: 379 | D20: 0.046606001 | E20: 457 | F20: 0.053059329 | G20: 3998 | H20: 0.22659261
B21: 4 - Blanco/Nulo | C21: 667 | D21: 0.082021643 | E21: 343 | F21: 0.039823523 | G21: 1921 | H21: 0.10887554
A22: Total GRAL ACHA | C22: 8132 | D22: 0.042502038 | E22: 8613 | F22: 0.039333257 | G22: 17644 | H22: 0.040784437
A23: EDUARDO CASTEX | B23: 1 - PJ | C23: 2488 | D23: 0.38247502 | E23: 3100 | F23: 0.47980189 | G23: 5628 | H23: 0.40582636
B24: 2 - Frepam | C24: 3365 | D24: 0.51729439 | E24: 2839 | F24: 0.43940566 | G24: 5761 | H24: 0.41541679
B25: 3 - Otros | C25: 267 | D25: 0.04104535 | E25: 298 | F25: 0.046122891 | G25: 1890 | H25: 0.13628497
B26: 4 - Blanco/Nulo | C26: 385 | D26: 0.059185242 | E26: 224 | F26: 0.034669556 | G26: 589 | H26: 0.042471878
A27: Total EDUARDO CASTEX | C27: 6505 | D27: 0.033998495 | E27: 6461 | F27: 0.029505651 | G27: 13868 | H27: 0.032056142
A28: CNIA. 25 DE MAYO | B28: 1 - PJ | C28: 2016 | D28: 0.38458604 | E28: 2917 | F28: 0.48495428 | G28: 5936 | H28: 0.49171637
B29: 2 - Frepam | C29: 2534 | D29: 0.48340328 | E29: 2548 | F29: 0.42360765 | G29: 2113 | H29: 0.17503313
B30: 3 - Otros | C30: 280 | D30: 0.053414727 | E30: 339 | F30: 0.056359102 | G30: 2206 | H30: 0.18273691
B31: 4 - Blanco/Nulo | C31: 412 | D31: 0.078595956 | E31: 211 | F31: 0.035078969 | G31: 1817 | H31: 0.15051359
A32: Total CNIA. 25 DE MAYO | C32: 5242 | D32: 0.027397403 | E32: 6015 | F32: 0.027468889 | G32: 12072 | H32: 0.027904654
A33: INT. ALVEAR | B33: 1 - PJ | C33: 1706 | D33: 0.31739535 | E33: 2257 | F33: 0.40542482 | G33: 6213 | H33: 0.53166182
B34: 2 - Frepam | C34: 3201 | D34: 0.59553488 | E34: 2971 | F34: 0.53368062 | G34: 1590 | H34: 0.13606024
B35: 3 - Otros | C35: 182 | D35: 0.033860465 | E35: 200 | F35: 0.035925992 | G35: 2892 | H35: 0.24747561
B36: 4 - Blanco/Nulo | C36: 286 | D36: 0.053209302 | E36: 139 | F36: 0.024968565 | G36: 991 | H36: 0.084802328
A37: Total INT. ALVEAR | C37: 5375 | D37: 0.02809253 | E37: 5567 | F37: 0.025422993 | G37: 11686 | H37: 0.027012408
A38: REALICO | B38: 1 - PJ | C38: 1930 | D38: 0.38400318 | E38: 2177 | F38: 0.41466667 | G38: 5538 | H38: 0.51506696
B39: 2 - Frepam | C39: 2512 | D39: 0.49980103 | E39: 2701 | F39: 0.51447619 | G39: 3854 | H39: 0.35844494
B40: 3 - Otros | C40: 210 | D40: 0.04178273 | E40: 201 | F40: 0.038285714 | G40: 821 | H40: 0.076357887
B41: 4 - Blanco/Nulo | C41: 374 | D41: 0.074413052 | E41: 171 | F41: 0.032571429 | G41: 539 | H41: 0.050130208
A42: Total REALICO | C42: 5026 | D42: 0.026268476 | E42: 5250 | F42: 0.02397534 | G42: 10752 | H42: 0.02485345
A43: VICTORICA | B43: 0 | D43: 0 | F43: 0 | G43: 2188 | H43: 0.2418214
B44: 1 - PJ | C44: 1695 | D44: 0.43042153 | E44: 1912 | F44: 0.46679688 | G44: 4455 | H44: 0.49237401
B45: 2 - Frepam | C45: 1856 | D45: 0.47130523 | E45: 1935 | F45: 0.47241211 | G45: 954 | H45: 0.10543767
B46: 3 - Otros | C46: 121 | D46: 0.030726257 | E46: 119 | F46: 0.029052734 | G46: 431 | H46: 0.047634836
B47: 4 - Blanco/Nulo | C47: 266 | D47: 0.067546978 | E47: 130 | F47: 0.031738281 | G47: 1020 | H47: 0.1127321
A48: Total VICTORICA | C48: 3938 | D48: 0.020582025 | E48: 4096 | F48: 0.018705332 | G48: 9048 | H48: 0.020914622
A49: MACACHIN | B49: 1 - PJ | C49: 1490 | D49: 0.40643753 | E49: 1806 | F49: 0.47639145 | G49: 4375 | H49: 0.56291817
B50: 2 - Frepam | C50: 1894 | D50: 0.51663939 | E50: 1774 | F50: 0.46795041 | G50: 2699 | H50: 0.34727226
B51: 3 - Otros | C51: 110 | D51: 0.030005456 | E51: 106 | F51: 0.02796096 | G51: 294 | H51: 0.037828101
B52: 4 - Blanco/Nulo | C52: 172 | D52: 0.046917621 | E52: 105 | F52: 0.027697178 | G52: 404 | H52: 0.051981472
A53: Total MACACHIN | C53: 3666 | D53: 0.019160412 | E53: 3791 | F53: 0.017312479 | G53: 7772 | H53: 0.017965124
A54: ING. LUIGGI | B54: 1 - PJ | C54: 1420 | D54: 0.44250545 | E54: 1528 | F54: 0.45789631 | G54: 3660 | H54: 0.55120482
B55: 2 - Frepam | C55: 1527 | D55: 0.47584917 | E55: 1643 | F55: 0.49235841 | G55: 2354 | H55: 0.35451807
B56: 3 - Otros | C56: 79 | D56: 0.024618261 | E56: 88 | F56: 0.026370992 | G56: 259 | H56: 0.039006024
B57: 4 - Blanco/Nulo | C57: 183 | D57: 0.057027111 | E57: 78 | F57: 0.023374288 | G57: 367 | H57: 0.055271084
A58: Total ING. LUIGGI | C58: 3209 | D58: 0.016771894 | E58: 3337 | F58: 0.015239183 | G58: 6640 | H58: 0.015348485
A59: CATRILO | B59: 1 - PJ | C59: 1374 | D59: 0.46878199 | E59: 1514 | F59: 0.49060272 | G59: 2112 | H59: 0.33217993
B60: 2 - Frepam | C60: 1363 | D60: 0.465029 | E60: 1413 | F60: 0.45787427 | G60: 1532 | H60: 0.24095628
B61: 3 - Otros | C61: 68 | D61: 0.023200273 | E61: 78 | F61: 0.025275437 | G61: 2532 | H61: 0.39823844
B62: 4 - Blanco/Nulo | C62: 126 | D62: 0.042988741 | E62: 81 | F62: 0.02624757 | G62: 182 | H62: 0.028625354
A63: Total CATRILO | C63: 2931 | D63: 0.015318922 | E63: 3086 | F63: 0.014092933 | G63: 6358 | H63: 0.014696636
A64: GUATRACHE | B64: 1 - PJ | C64: 751 | D64: 0.26415758 | E64: 987 | F64: 0.32801595 | G64: 1870 | H64: 0.32141629
B65: 2 - Frepam | C65: 1774 | D65: 0.62398874 | E65: 1789 | F65: 0.59454968 | G65: 3284 | H65: 0.56445514
B66: 3 - Otros | C66: 122 | D66: 0.042912416 | E66: 132 | F66: 0.043868395 | G66: 335 | H66: 0.057579924
B67: 4 - Blanco/Nulo | C67: 196 | D67: 0.068941259 | E67: 101 | F67: 0.033565969 | G67: 329 | H67: 0.056548642
A68: Total GUATRACHE | C68: 2843 | D68: 0.014858989 | E68: 3009 | F68: 0.013741295 | G68: 5818 | H68: 0.013448416
A69: QUEMU QUEMU | B69: 1 - PJ | C69: 899 | D69: 0.35561709 | E69: 1036 | F69: 0.38356164 | G69: 2666 | H69: 0.49061465
B70: 2 - Frepam | C70: 1409 | D70: 0.55735759 | E70: 1511 | F70: 0.55942244 | G70: 2242 | H70: 0.41258741
B71: 3 - Otros | C71: 106 | D71: 0.04193038 | E71: 98 | F71: 0.036282858 | G71: 288 | H71: 0.052999632
B72: 4 - Blanco/Nulo | C72: 114 | D72: 0.045094937 | E72: 56 | F72: 0.020733062 | G72: 238 | H72: 0.043798307
A73: Total QUEMU QUEMU | C73: 2528 | D73: 0.013212636 | E73: 2701 | F73: 0.012334741 | G73: 5434 | H73: 0.012560793
A74: TRENEL | B74: 1 - PJ | C74: 1062 | D74: 0.44029851 | E74: 1252 | F74: 0.50200481 | G74: 3260 | H74: 0.60103245
B75: 2 - Frepam | C75: 1153 | D75: 0.47802653 | E75: 1073 | F75: 0.43023256 | G75: 1755 | H75: 0.32356195
B76: 3 - Otros | C76: 68 | D76: 0.028192371 | E76: 94 | F76: 0.037690457 | G76: 230 | H76: 0.04240413
B77: 4 - Blanco/Nulo | C77: 129 | D77: 0.053482587 | E77: 75 | F77: 0.030072173 | G77: 179 | H77: 0.033001475
A78: Total TRENEL | C78: 2412 | D78: 0.01260636 | E78: 2494 | F78: 0.011389428 | G78: 5424 | H78: 0.012537678
A79: RANCUL | B79: 1 - PJ | C79: 1139 | D79: 0.50309187 | E79: 1217 | F79: 0.49775051 | G79: 2136 | H79: 0.39366015
B80: 2 - Frepam | C80: 959 | D80: 0.42358657 | E80: 1085 | F80: 0.44376278 | G80: 3076 | H80: 0.56690011
B81: 3 - Otros | C81: 68 | D81: 0.030035336 | E81: 81 | F81: 0.033128834 | G81: 62 | H81: 0.011426465
B82: 4 - Blanco/Nulo | C82: 98 | D82: 0.043286219 | E82: 62 | F82: 0.025357873 | G82: 152 | H82: 0.028013269
A83: Total RANCUL | C83: 2264 | D83: 0.011832835 | E83: 2445 | F83: 0.011165658 | G83: 5426 | H83: 0.012542301
A84: GRAL. SAN MARTIN | B84: 1 - PJ | C84: 764 | D84: 0.39791667 | E84: 799 | F84: 0.40333165 | G84: 1630 | H84: 0.397755
B85: 2 - Frepam | C85: 988 | D85: 0.51458333 | E85: 1091 | F85: 0.55073195 | G85: 2281 | H85: 0.55661298
B86: 3 - Otros | C86: 56 | D86: 0.029166667 | E86: 43 | F86: 0.021706209 | G86: 41 | H86: 0.01000488
B87: 4 - Blanco/Nulo | C87: 112 | D87: 0.058333333 | E87: 48 | F87: 0.024230187 | G87: 146 | H87: 0.035627135
A88: Total GRAL. SAN MARTIN | C88: 1920 | D88: 0.010034913 | E88: 1981 | F88: 0.0090466948 | G88: 4098 | H88: 0.0094726039
A89: WINIFREDA | B89: 1 - PJ | C89: 657 | D89: 0.3541779 | E89: 906 | F89: 0.46036585 | G89: 2018 | H89: 0.49243533
B90: 2 - Frepam | C90: 1009 | D90: 0.54393531 | E90: 923 | F90: 0.46900407 | G90: 1796 | H90: 0.43826257
B91: 3 - Otros | C91: 74 | D91: 0.039892183 | E91: 93 | F91: 0.047256098 | G91: 119 | H91: 0.029038555
B92: 4 - Blanco/Nulo | C92: 115 | D92: 0.061994609 | E92: 46 | F92: 0.023373984 | G92: 165 | H92: 0.040263543
A93: Total WINIFREDA | C93: 1855 | D93: 0.0096951895 | E93: 1968 | F93: 0.0089873273 | G93: 4098 | H93: 0.0094726039
A94: COLONIA BARON | B94: 1 - PJ | C94: 685 | D94: 0.35074245 | E94: 818 | F94: 0.46530148 | G94: 2127 | H94: 0.50546578
B95: 2 - Frepam | C95: 988 | D95: 0.50588838 | E95: 756 | F95: 0.43003413 | G95: 1658 | H95: 0.39401141
B96: 3 - Otros | C96: 177 | D96: 0.0906298 | E96: 123 | F96: 0.06996587 | G96: 258 | H96: 0.061311787
B97: 4 - Blanco/Nulo | C97: 103 | D97: 0.052739375 | E97: 61 | F97: 0.034698521 | G97: 165 | H97: 0.039211027
A98: Total COLONIA BARON | C98: 1953 | D98: 0.010207388 | E98: 1758 | F98: 0.0080283137 | G98: 4208 | H98: 0.0097268709
A99: SANTA ISABEL | B99: 1 - PJ | C99: 956 | D99: 0.53647587 | E99: 1102 | F99: 0.57878151 | G99: 2237 | H99: 0.55412435
B100: 2 - Frepam | C100: 656 | D100: 0.3681257 | E100: 656 | F100: 0.34453782 | G100: 1277 | H100: 0.316324
B101: 3 - Otros | C101: 65 | D101: 0.03647587 | E101: 88 | F101: 0.046218487 | G101: 372 | H101: 0.092147634
B102: 4 - Blanco/Nulo | C102: 105 | D102: 0.058922559 | E102: 58 | F102: 0.030462185 | G102: 151 | H102: 0.037404013
...

Sheet 2017-General
I1: Categorías | J1: Destino
I2: Intendente | J2: PJ
A3: Circuito | B3: Localidad | C3: Categoria | D3: Destino | E3: Cantidad | F3: TOTAL | G3: PADRON | I3: Concejales | J3: Alianza
A4: 1 | B4: DOBLAS | C4: Diputado Nac. | D4: PJ | E4: 489 | G4: 1505 | I4: Juez de Paz | J4: Blanco
A5: 1 | B5: DOBLAS | C5: Diputado Nac. | D5: Humanista | E5: 19 | I5: Presidente Comisión de Fomento | J5: Humanista
A6: 1 | B6: DOBLAS | C6: Diputado Nac. | D6: Partido de los Trabajadores Soc. | E6: 10 | I6: Vocales | J6: Acción por la República
A7: 1 | B7: DOBLAS | C7: Diputado Nac. | D7: FREPAM | E7: 19 | I7: Presidente | J7: Movimiento Federalista Pampeano
A8: 1 | B8: DOBLAS | C8: Diputado Nac. | D8: Izquierda al Frente por el Soc. | E8: 14 | I8: Senador Nac. | J8: Socialismo Auténtico
A9: 1 | B9: DOBLAS | C9: Diputado Nac. | D9: Cambiemos | E9: 548 | I9: Diputado Nac. | J9: Frente Pueblo Unido - Socialismo Auténtico
A10: 1 | B10: DOBLAS | C10: Diputado Nac. | D10: Nulo | E10: 44 | J10: Unión Popular de La Adela
A11: 1 | B11: DOBLAS | C11: Diputado Nac. | D11: Blanco | E11: 13 | F11: 1156 | J11: Convocatoria Independiente
A12: 2 | B12: MACACHIN | C12: Diputado Nac. | D12: PJ | E12: 1806 | G12: 4555 | J12: Patria Grande
A13: 2 | B13: MACACHIN | C13: Diputado Nac. | D13: Humanista | E13: 32 | J13: Alianza Unión por Santa Isabel
A14: 2 | B14: MACACHIN | C14: Diputado Nac. | D14: Partido de los Trabajadores Soc. | E14: 33 | J14: Junta Vecinal de Mauricio Mayer
A15: 2 | B15: MACACHIN | C15: Diputado Nac. | D15: FREPAM | E15: 53 | J15: Intransigente
A16: 2 | B16: MACACHIN | C16: Diputado Nac. | D16: Izquierda al Frente por el Soc. | E16: 42 | J16: Alianza Victorica Electoral y Programática
A17: 2 | B17: MACACHIN | C17: Diputado Nac. | D17: Cambiemos | E17: 1721 | J17: Junta vecinal por y para Ceballos
A18: 2 | B18: MACACHIN | C18: Diputado Nac. | D18: Nulo | E18: 61 | J18: Junta Vecinal de Relmo
A19: 2 | B19: MACACHIN | C19: Diputado Nac. | D19: Blanco | E19: 43 | F19: 3791 | J19: Unidos por Villa Mirasol
A20: 3 | B20: MIGUEL RIGLOS | C20: Diputado Nac. | D20: PJ | E20: 976 | G20: 2174 | J20: Unión Vecinal Villa Mirasol
A21: 3 | B21: MIGUEL RIGLOS | C21: Diputado Nac. | D21: Humanista | E21: 11 | J21: Junta Vecinal por Arauz
A22: 3 | B22: MIGUEL RIGLOS | C22: Diputado Nac. | D22: Partido de los Trabajadores Soc. | E22: 12 | J22: Movimiento Popular Veinticinqueño Juntos por 25
A23: 3 | B23: MIGUEL RIGLOS | C23: Diputado Nac. | D23: FREPAM | E23: 13 | J23: Unión Vecinal La Maruja
A24: 3 | B24: MIGUEL RIGLOS | C24: Diputado Nac. | D24: Izquierda al Frente por el Soc. | E24: 10 | J24: Unión Vecinal de Pichi Huinca
A25: 3 | B25: MIGUEL RIGLOS | C25: Diputado Nac. | D25: Cambiemos | E25: 686 | J25: Junta Vecinal de A. Van Praet
A26: 3 | B26: MIGUEL RIGLOS | C26: Diputado Nac. | D26: Nulo | E26: 15 | J26: Junta Vecinal de Falucho
A27: 3 | B27: MIGUEL RIGLOS | C27: Diputado Nac. | D27: Blanco | E27: 13 | F27: 1736 | J27: Junta Vecinal Quetrequén Somos Todos
A28: 4 | B28: ROLON | C28: Diputado Nac. | D28: PJ | E28: 309 | G28: 659 | J28: Junta Vecinal Unión por Metileo
A29: 4 | B29: ROLON | C29: Diputado Nac. | D29: Humanista | E29: 4 | J29: Frente Alternativa Pampeana
A30: 4 | B30: ROLON | C30: Diputado Nac. | D30: Partido de los Trabajadores Soc. | E30: 1 | J30: Frente Popular Anguil
A31: 4 | B31: ROLON | C31: Diputado Nac. | D31: FREPAM | E31: 1 | J31: Unidad 25
A32: 4 | B32: ROLON | C32: Diputado Nac. | D32: Izquierda al Frente por el Soc. | E32: 10 | J32: Alianza Frente Mapa
A33: 4 | B33: ROLON | C33: Diputado Nac. | D33: Cambiemos | E33: 203 | J33: Alianza FPV
A34: 4 | B34: ROLON | C34: Diputado Nac. | D34: Nulo | E34: 4 | J34: Alianza Movimiento de Unidad Popular
A35: 4 | B35: ROLON | C35: Diputado Nac. | D35: Blanco | E35: 13 | F35: 545 | J35: Frente de Integración Pampeana
A36: 5 | B36: TOMAS M DE ANCHORENA | C36: Diputado Nac. | D36: PJ | E36: 119 | G36: 388 | J36: Popular de la Reconstrucción
A37: 5 | B37: TOMAS M DE ANCHORENA | C37: Diputado Nac. | D37: Humanista | E37: 1 | J37: Pueblo Nuevo
A38: 5 | B38: TOMAS M DE ANCHORENA | C38: Diputado Nac. | D38: Partido de los Trabajadores Soc. | E38: 2 | J38: Junta Vecinal por Catriló
A39: 5 | B39: TOMAS M DE ANCHORENA | C39: Diputado Nac. | D39: FREPAM | E39: 4 | J39: Junta Vecinal Cambio y Progreso por Lonquimay
A40: 5 | B40: TOMAS M DE ANCHORENA | C40: Diputado Nac. | D40: Izquierda al Frente por el Soc. | E40: 1 | J40: Afirmación para una República Igualitaria
A41: 5 | B41: TOMAS M DE ANCHORENA | C41: Diputado Nac. | D41: Cambiemos | E41: 175 | J41: Movimiento de Integración y Desarrollo
A42: 5 | B42: TOMAS M DE ANCHORENA | C42: Diputado Nac. | D42: Nulo | E42: 1 | J42: Unión por el Trabajo y el Progreso de Santa Isabel
A43: 5 | B43: TOMAS M DE ANCHORENA | C43: Diputado Nac. | D43: Blanco | E43: 7 | F43: 310 | J43: Frente para el Cambio de Larroude
A44: 6 | B44: ANGUIL | C44: Diputado Nac. | D44: PJ | E44: 542 | G44: 1728 | J44: Frente Todos por Ceballos
A45: 6 | B45: ANGUIL | C45: Diputado Nac. | D45: Humanista | E45: 24 | J45: Frente Vecinal Alvearense
A46: 6 | B46: ANGUIL | C46: Diputado Nac. | D46: Partido de los Trabajadores Soc. | E46: 24 | J46: Frente Unión por Algarrobo del Aguila
A47: 6 | B47: ANGUIL | C47: Diputado Nac. | D47: FREPAM | E47: 30 | J47: Frente Unión por La Humada
A48: 6 | B48: ANGUIL | C48: Diputado Nac. | D48: Izquierda al Frente por el Soc. | E48: 26 | J48: Frente Integrador por E. Castex
A49: 6 | B49: ANGUIL | C49: Diputado Nac. | D49: Cambiemos | E49: 607 | J49: Izquierda al Frente por el Soc.
A50: 6 | B50: ANGUIL | C50: Diputado Nac. | D50: Nulo | E50: 32 | J50: Juntos por Bernasconi
A51: 6 | B51: ANGUIL | C51: Diputado Nac. | D51: Blanco | E51: 19 | F51: 1304 | J51: Todos por San Martín
A52: 9 y 10 | B52: SANTA ROSA | C52: Diputado Nac. | D52: PJ | E52: 29146 | G52: 90619 | J52: Socialista Popular
A53: 9 y 10 | B53: SANTA ROSA | C53: Diputado Nac. | D53: Humanista | E53: 2051 | J53: Cambiemos
A54: 9 y 10 | B54: SANTA ROSA | C54: Diputado Nac. | D54: Partido de los Trabajadores Soc. | E54: 2160 | J54: Frente Vecinal Todos por Pico
A55: 9 y 10 | B55: SANTA ROSA | C55: Diputado Nac. | D55: FREPAM | E55: 2075 | J55: Cívico Pampeano
A56: 9 y 10 | B56: SANTA ROSA | C56: Diputado Nac. | D56: Izquierda al Frente por el Soc. | E56: 1794
A57: 9 y 10 | B57: SANTA ROSA | C57: Diputado Nac. | D57: Cambiemos | E57: 28965
A58: 9 y 10 | B58: SANTA ROSA | C58: Diputado Nac. | D58: Nulo | E58: 1458 | J58: Unión por 25 de Mayo
A59: 9 y 10 | B59: SANTA ROSA | C59: Diputado Nac. | D59: Blanco | E59: 540 | F59: 68264 | J59: Junta Vecinal Unidos por Puelén
A60: 11 | B60: LA ADELA | C60: Diputado Nac. | D60: PJ | E60: 884 | G60: 1896 | J60: Junta Vecinal Quemuense
A61: 11 | B61: LA ADELA | C61: Diputado Nac. | D61: Humanista | E61: 25 | J61: Frente Pampeano para la Victoria
A62: 11 | B62: LA ADELA | C62: Diputado Nac. | D62: Partido de los Trabajadores Soc. | E62: 18
A63: 11 | B63: LA ADELA | C63: Diputado Nac. | D63: FREPAM | E63: 46 | J63: Frente Vecinal Realicó
A64: 11 | B64: LA ADELA | C64: Diputado Nac. | D64: Izquierda al Frente por el Soc. | E64: 30 | J64: Alianza Esperanza por Toay
A65: 11 | B65: LA ADELA | C65: Diputado Nac. | D65: Cambiemos | E65: 443 | J65: Frente Vecinal por Trenel
A66: 11 | B66: LA ADELA | C66: Diputado Nac. | D66: Nulo | E66: 31 | J66: Junta Vecinal A. Roca
A67: 11 | B67: LA ADELA | C67: Diputado Nac. | D67: Blanco | E67: 8 | F67: 1485 | J67: Junta Vecinal por Cnia. S. María
A68: 13 | B68: CATRILO | C68: Diputado Nac. | D68: PJ | E68: 1514 | G68: 3818 | J68: Frente Unión por Chacharramendi
A69: 13 | B69: CATRILO | C69: Diputado Nac. | D69: Humanista | E69: 28 | J69: Junta Vecinal Unidos por Acha
A70: 13 | B70: CATRILO | C70: Diputado Nac. | D70: Partido de los Trabajadores Soc. | E70: 19 | J70: Movimiento Vecinal Achense
A71: 13 | B71: CATRILO | C71: Diputado Nac. | D71: FREPAM | E71: 29 | J71: Unión Vecinal Achense
A72: 13 | B72: CATRILO | C72: Diputado Nac. | D72: Izquierda al Frente por el Soc. | E72: 31 | J72: FREPAM
A73: 13 | B73: CATRILO | C73: Diputado Nac. | D73: Cambiemos | E73: 1380 | J73: Nulo
A74: 13 | B74: CATRILO | C74: Diputado Nac. | D74: Nulo | E74: 58 | J74: Punto de Unión Doblense
A75: 13 | B75: CATRILO | C75: Diputado Nac. | D75: Blanco | E75: 23 | F75: 3082 | J75: GEN
A76: 14 | B76: LA GLORIA | C76: Diputado Nac. | D76: PJ | E76: 9 | G76: 56 | J76: Alianza Compromiso Federal
A77: 14 | B77: LA GLORIA | C77: Diputado Nac. | D77: Humanista | E77: 3 | J77: Cambiemos - FREPAM
A78: 14 | B78: LA GLORIA | C78: Diputado Nac. | D78: Partido de los Trabajadores Soc. | E78: 1 | J78: Partido de los Trabajadores Soc.
A79: 14 | B79: LA GLORIA | C79: Diputado Nac. | D79: FREPAM | E79: 3 | J79: Frente Propuesta Federal
A80: 14 | B80: LA GLORIA | C80: Diputado Nac. | D80: Izquierda al Frente por el Soc. | E80: 1
A81: 14 | B81: LA GLORIA | C81: Diputado Nac. | D81: Cambiemos | E81: 25
A82: 14 | B82: LA GLORIA | C82: Diputado Nac. | D82: Nulo | E82: 1
A83: 14 | B83: LA GLORIA | C83: Diputado Nac. | D83: Blanco | E83: 2 | F83: 45
A84: 15 | B84: LONQUIMAY | C84: Diputado Nac. | D84: PJ | E84: 494 | G84: 1572
A85: 15 | B85: LONQUIMAY | C85: Diputado Nac. | D85: Humanista | E85: 22
A86: 15 | B86: LONQUIMAY | C86: Diputado Nac. | D86: Partido de los Trabajadores Soc. | E86: 16
A87: 15 | B87: LONQUIMAY | C87: Diputado Nac. | D87: FREPAM | E87: 20
A88: 15 | B88: LONQUIMAY | C88: Diputado Nac. | D88: Izquierda al Frente por el Soc. | E88: 17
A89: 15 | B89: LONQUIMAY | C89: Diputado Nac. | D89: Cambiemos | E89: 652
A90: 15 | B90: LONQUIMAY | C90: Diputado Nac. | D90: Nulo | E90: 36
A91: 15 | B91: LONQUIMAY | C91: Diputado Nac. | D91: Blanco | E91: 6 | F91: 1263
A92: 16 | B92: URIBURU | C92: Diputado Nac. | D92: PJ | E92: 417 | G92: 879
A93: 16 | B93: URIBURU | C93: Diputado Nac. | D93: Humanista | E93: 8
A94: 16 | B94: URIBURU | C94: Diputado Nac. | D94: Partido de los Trabajadores Soc. | E94: 7
A95: 16 | B95: URIBURU | C95: Diputado Nac. | D95: FREPAM | E95: 7
A96: 16 | B96: URIBURU | C96: Diputado Nac. | D96: Izquierda al Frente por el Soc. | E96: 11
A97: 16 | B97: URIBURU | C97: Diputado Nac. | D97: Cambiemos | E97: 287
A98: 16 | B98: URIBURU | C98: Diputado Nac. | D98: Nulo | E98: 13
A99: 16 | B99: URIBURU | C99: Diputado Nac. | D99: Blanco | E99: 2 | F99: 752
A100: 17 | B100: CNIA. EMILIO MITRE | C100: Diputado Nac. | D100: PJ | E100: 13 | G100: 29
...

Sheet 2019-Prov
I3: Categorías | J3: Destino
I4: Intendente | J4: PJ
A5: Circuito | B5: Localidad | C5: Categoria | D5: Destino | E5: Cantidad | F5: TOTAL | G5: PADRON | I5: Concejales | J5: Alianza
A6: 1 | B6: DOBLAS | C6: Intendente | D6: Frente justicialista pampeano | E6: 477 | I6: Juez de Paz | J6: Blanco
A7: 1 | B7: DOBLAS | C7: Intendente | D7: Cambiemos - FREPAM | E7: 316 | I7: Presidente Comisión de Fomento | J7: Humanista
A8: 1 | B8: DOBLAS | C8: Intendente | D8: Comunidad organizada | E8: 308 | I8: Vocales | J8: Acción por la República
A9: 1 | B9: DOBLAS | C9: Intendente | D9: Frente popular pampeano | E9: 92 | I9: Presidente | J9: Movimiento Federalista Pampeano
A10: 1 | B10: DOBLAS | C10: Intendente | D10: Blanco | E10: 49 | F10: =SUM(E6:E11) -> 1249 | I10: Senador Nac. | J10: Socialismo Auténtico
A11: 1 | B11: DOBLAS | C11: Intendente | D11: Nulo | E11: 7 | I11: Diputado Nac. | J11: Frente Pueblo Unido - Socialismo Auténtico
A12: 1 | B12: DOBLAS | C12: Diputados Provinciales | D12: Frente justicialista pampeano | E12: 419 | I12: Gobernador | J12: Unión Popular de La Adela
A13: 1 | B13: DOBLAS | C13: Diputados Provinciales | D13: Cambiemos - FREPAM | E13: 346 | I13: Diputados Provinciales | J13: Convocatoria Independiente
A14: 1 | B14: DOBLAS | C14: Diputados Provinciales | D14: Comunidad organizada | E14: 230 | J14: Patria Grande
A15: 1 | B15: DOBLAS | C15: Diputados Provinciales | D15: Blanco | E15: 167 | J15: Alianza Unión por Santa Isabel
A16: 1 | B16: DOBLAS | C16: Diputados Provinciales | D16: Frente popular pampeano | E16: 60 | F16: =SUM(E12:E21) -> 1249 | J16: Junta Vecinal de Mauricio Mayer
A17: 1 | B17: DOBLAS | C17: Diputados Provinciales | D17: Partido socialista | E17: 8 | J17: Intransigente
A18: 1 | B18: DOBLAS | C18: Diputados Provinciales | D18: Nulo | E18: 8 | J18: Alianza Victorica Electoral y Programática
A19: 1 | B19: DOBLAS | C19: Diputados Provinciales | D19: Pueblo Nuevo | E19: 6 | J19: Junta vecinal por y para Ceballos
A20: 1 | B20: DOBLAS | C20: Diputados Provinciales | D20: Desde el pie | E20: 3 | J20: Junta Vecinal de Relmo
A21: 1 | B21: DOBLAS | C21: Diputados Provinciales | D21: Movimiento socialista de los trabajadores | E21: 2 | J21: Unidos por Villa Mirasol
A22: 1 | B22: DOBLAS | C22: Gobernador | D22: Frente justicialista pampeano | E22: 456 | J22: Unión Vecinal Villa Mirasol
A23: 1 | B23: DOBLAS | C23: Gobernador | D23: Cambiemos - FREPAM | E23: 369 | J23: Junta Vecinal por Arauz
A24: 1 | B24: DOBLAS | C24: Gobernador | D24: Comunidad organizada | E24: 241 | J24: Movimiento Popular Veinticinqueño Juntos por 25
A25: 1 | B25: DOBLAS | C25: Gobernador | D25: Blanco | E25: 98 | J25: Unión Vecinal La Maruja
A26: 1 | B26: DOBLAS | C26: Gobernador | D26: Frente popular pampeano | E26: 58 | F26: =SUM(E22:E31) -> 1249 | J26: Unión Vecinal de Pichi Huinca
A27: 1 | B27: DOBLAS | C27: Gobernador | D27: Pueblo Nuevo | E27: 8 | J27: Junta Vecinal de A. Van Praet
A28: 1 | B28: DOBLAS | C28: Gobernador | D28: Nulo | E28: 7 | J28: Junta Vecinal de Falucho
A29: 1 | B29: DOBLAS | C29: Gobernador | D29: Partido socialista | E29: 6 | J29: Junta Vecinal Quetrequén Somos Todos
A30: 1 | B30: DOBLAS | C30: Gobernador | D30: Desde el pie | E30: 3 | J30: Junta Vecinal Unión por Metileo
A31: 1 | B31: DOBLAS | C31: Gobernador | D31: Movimiento socialista de los trabajadores | E31: 3 | J31: Frente Alternativa Pampeana
A32: 2 | B32: MACACHIN | C32: Intendente | D32: PJ | E32: 2218 | F32: =SUM(E32:E35) -> 3886 | J32: Frente Popular Anguil
A33: 2 | B33: MACACHIN | C33: Intendente | D33: Cambiemos - FREPAM | E33: 1422 | J33: Unidad 25
A34: 2 | B34: MACACHIN | C34: Intendente | D34: Blanco | E34: 207 | J34: Alianza Frente Mapa
A35: 2 | B35: MACACHIN | C35: Intendente | D35: Nulo | E35: 39 | J35: Alianza FPV
A36: 2 | B36: MACACHIN | C36: Gobernador | D36: PJ | E36: 2157 | J36: Alianza Movimiento de Unidad Popular
A37: 2 | B37: MACACHIN | C37: Gobernador | D37: Cambiemos - FREPAM | E37: 1277 | J37: Frente de Integración Pampeana
A38: 2 | B38: MACACHIN | C38: Gobernador | D38: Comunidad organizada | E38: 224 | J38: Popular de la Reconstrucción
A39: 2 | B39: MACACHIN | C39: Gobernador | D39: Blanco | E39: 94 | J39: Pueblo Nuevo
A40: 2 | B40: MACACHIN | C40: Gobernador | D40: Nulo | E40: 64 | F40: =SUM(E36:E45) -> 3886 | J40: Junta Vecinal por Catriló
A41: 2 | B41: MACACHIN | C41: Gobernador | D41: Pueblo Nuevo | E41: 28 | J41: Junta Vecinal Cambio y Progreso por Lonquimay
A42: 2 | B42: MACACHIN | C42: Gobernador | D42: Frente popular pampeano | E42: 18 | J42: Afirmación para una República Igualitaria
A43: 2 | B43: MACACHIN | C43: Gobernador | D43: Movimiento socialista de los trabajadores | E43: 13 | J43: Movimiento de Integración y Desarrollo
A44: 2 | B44: MACACHIN | C44: Gobernador | D44: Partido socialista | E44: 8 | J44: Unión por el Trabajo y el Progreso de Santa Isabel
A45: 2 | B45: MACACHIN | C45: Gobernador | D45: Desde el pie | E45: 3 | J45: Frente para el Cambio de Larroude
A46: 2 | B46: MACACHIN | C46: Diputados Provinciales | D46: PJ | E46: 2156 | J46: Frente Todos por Ceballos
A47: 2 | B47: MACACHIN | C47: Diputados Provinciales | D47: Cambiemos - FREPAM | E47: 1290 | J47: Frente Vecinal Alvearense
A48: 2 | B48: MACACHIN | C48: Diputados Provinciales | D48: Comunidad organizada | E48: 173 | J48: Frente Unión por Algarrobo del Aguila
A49: 2 | B49: MACACHIN | C49: Diputados Provinciales | D49: Blanco | E49: 135 | J49: Frente Unión por La Humada
A50: 2 | B50: MACACHIN | C50: Diputados Provinciales | D50: Nulo | E50: 65 | J50: Frente Integrador por E. Castex
A51: 2 | B51: MACACHIN | C51: Diputados Provinciales | D51: Pueblo Nuevo | E51: 23 | F51: =SUM(E46:E55) -> 3886 | J51: Juntos por Bernasconi
A52: 2 | B52: MACACHIN | C52: Diputados Provinciales | D52: Movimiento socialista de los trabajadores | E52: 16 | J52: Todos por San Martín
A53: 2 | B53: MACACHIN | C53: Diputados Provinciales | D53: Frente popular pampeano | E53: 16 | J53: Socialista Popular
A54: 2 | B54: MACACHIN | C54: Diputados Provinciales | D54: Partido socialista | E54: 10 | J54: Frente Vecinal Todos por Pico
A55: 2 | B55: MACACHIN | C55: Diputados Provinciales | D55: Desde el pie | E55: 2 | J55: Cívico Pampeano
A56: 3 | B56: MIGUEL RIGLOS | C56: Intendente | D56: Frente justicialista pampeano | E56: 1088 | F56: =SUM(E56:E59) -> 1948 | J56: Unión por 25 de Mayo
A57: 3 | B57: MIGUEL RIGLOS | C57: Intendente | D57: Cambiemos - FREPAM | E57: 827 | J57: Junta Vecinal Unidos por Puelén
A58: 3 | B58: MIGUEL RIGLOS | C58: Intendente | D58: Blanco | E58: 26 | J58: Junta Vecinal Quemuense
A59: 3 | B59: MIGUEL RIGLOS | C59: Intendente | D59: Nulo | E59: 7 | J59: Frente Pampeano para la Victoria
A60: 3 | B60: MIGUEL RIGLOS | C60: Diputados Provinciales | D60: Frente justicialista pampeano | E60: 1047 | J60: Partido socialista
A61: 3 | B61: MIGUEL RIGLOS | C61: Diputados Provinciales | D61: Cambiemos - FREPAM | E61: 708 | J61: Frente Vecinal Realicó
A62: 3 | B62: MIGUEL RIGLOS | C62: Diputados Provinciales | D62: Blanco | E62: 64 | J62: Alianza Esperanza por Toay
A63: 3 | B63: MIGUEL RIGLOS | C63: Diputados Provinciales | D63: Nulo | E63: 63 | J63: Frente Vecinal por Trenel
A64: 3 | B64: MIGUEL RIGLOS | C64: Diputados Provinciales | D64: Comunidad organizada | E64: 25 | F64: =SUM(E60:E69) -> 1948 | J64: Junta Vecinal A. Roca
A65: 3 | B65: MIGUEL RIGLOS | C65: Diputados Provinciales | D65: Pueblo Nuevo | E65: 22 | J65: Junta Vecinal por Cnia. S. María
A66: 3 | B66: MIGUEL RIGLOS | C66: Diputados Provinciales | D66: Partido socialista | E66: 8 | J66: Frente Unión por Chacharramendi
A67: 3 | B67: MIGUEL RIGLOS | C67: Diputados Provinciales | D67: Frente popular pampeano | E67: 7 | J67: Junta Vecinal Unidos por Acha
A68: 3 | B68: MIGUEL RIGLOS | C68: Diputados Provinciales | D68: Desde el pie | E68: 2 | J68: Movimiento Vecinal Achense
A69: 3 | B69: MIGUEL RIGLOS | C69: Diputados Provinciales | D69: Movimiento socialista de los trabajadores | E69: 2 | J69: Unión Vecinal Achense
A70: 3 | B70: MIGUEL RIGLOS | C70: Gobernador | D70: Frente justicialista pampeano | E70: 1041 | J70: FREPAM
A71: 3 | B71: MIGUEL RIGLOS | C71: Gobernador | D71: Cambiemos - FREPAM | E71: 653 | J71: Nulo
A72: 3 | B72: MIGUEL RIGLOS | C72: Gobernador | D72: Nulo | E72: 86 | J72: Punto de Unión Doblense
A73: 3 | B73: MIGUEL RIGLOS | C73: Gobernador | D73: Blanco | E73: 74 | J73: GEN
A74: 3 | B74: MIGUEL RIGLOS | C74: Gobernador | D74: Comunidad organizada | E74: 45 | F74: =SUM(E70:E79) -> 1948 | J74: Alianza Compromiso Federal
A75: 3 | B75: MIGUEL RIGLOS | C75: Gobernador | D75: Pueblo Nuevo | E75: 26 | J75: Cambiemos - FREPAM
A76: 3 | B76: MIGUEL RIGLOS | C76: Gobernador | D76: Partido socialista | E76: 9 | J76: Frente de Izquierda y de los Trabajadores
A77: 3 | B77: MIGUEL RIGLOS | C77: Gobernador | D77: Frente popular pampeano | E77: 8 | J77: Desde el pie
A78: 3 | B78: MIGUEL RIGLOS | C78: Gobernador | D78: Desde el pie | E78: 3 | J78: Comunidad organizada
A79: 3 | B79: MIGUEL RIGLOS | C79: Gobernador | D79: Movimiento socialista de los trabajadores | E79: 3 | J79: Compromiso ciudadano
A80: 4 | B80: ROLON | C80: Intendente | D80: Frente justicialista pampeano | E80: 363 | J80: Movimiento socialista de los trabajadores
A81: 4 | B81: ROLON | C81: Intendente | D81: Cambiemos - FREPAM | E81: 183 | J81: Frente justicialista pampeano
A82: 4 | B82: ROLON | C82: Intendente | D82: Blanco | E82: 21 | F82: =SUM(E80:E83) -> 572 | J82: Frente popular pampeano
A83: 4 | B83: ROLON | C83: Intendente | D83: Nulo | E83: 5 | J83: Partido socialista
A84: 4 | B84: ROLON | C84: Diputados Provinciales | D84: Frente justicialista pampeano | E84: 341 | J84: Unión vecinal por el pueblo CNL Hilario Lagos
A85: 4 | B85: ROLON | C85: Diputados Provinciales | D85: Cambiemos - FREPAM | E85: 169 | J85: Unión por Monte Nievas
A86: 4 | B86: ROLON | C86: Diputados Provinciales | D86: Blanco | E86: 25 | J86: Partido Popular Pampeano Speluzzi
A87: 4 | B87: ROLON | C87: Diputados Provinciales | D87: Comunidad organizada | E87: 14 | F87: =SUM(E84:E90) -> 572 | J87: Partido popular pampeano Adolfo Van Praet
A88: 4 | B88: ROLON | C88: Diputados Provinciales | D88: Movimiento socialista de los trabajadores | E88: 9
A89: 4 | B89: ROLON | C89: Diputados Provinciales | D89: Partido socialista | E89: 8
A90: 4 | B90: ROLON | C90: Diputados Provinciales | D90: Nulo | E90: 6
A91: 4 | B91: ROLON | C91: Gobernador | D91: Frente justicialista pampeano | E91: 349
A92: 4 | B92: ROLON | C92: Gobernador | D92: Cambiemos - FREPAM | E92: 172
A93: 4 | B93: ROLON | C93: Gobernador | D93: Blanco | E93: 18
A94: 4 | B94: ROLON | C94: Gobernador | D94: Comunidad organizada | E94: 15 | F94: =SUM(E91:E97) -> 572
A95: 4 | B95: ROLON | C95: Gobernador | D95: Partido socialista | E95: 8
A96: 4 | B96: ROLON | C96: Gobernador | D96: Nulo | E96: 6
A97: 4 | B97: ROLON | C97: Gobernador | D97: Movimiento socialista de los trabajadores | E97: 4
A98: 5 | B98: TOMAS M DE ANCHORENA | C98: Intendente | D98: Frente justicialista pampeano | E98: 246
A99: 5 | B99: TOMAS M DE ANCHORENA | C99: Intendente | D99: Cambiemos - FREPAM | E99: 74 | F99: =SUM(E98:E100) -> 326
A100: 5 | B100: TOMAS M DE ANCHORENA | C100: Intendente | D100: Blanco | E100: 6
A101: 5 | B101: TOMAS M DE ANCHORENA | C101: Diputados Provinciales | D101: Frente justicialista pampeano | E101: 204
A102: 5 | B102: TOMAS M DE ANCHORENA | C102: Diputados Provinciales | D102: Cambiemos - FREPAM | E102: 94
...

Sheet 2017-Primarias
I3: Categorías | J3: Destino
I4: Intendente | J4: PJ
A5: Circuito | B5: SANTA ROSA | C5: Categoria | D5: Destino | E5: Cantidad | F5: TOTAL | G5: PADRON | I5: Concejales | J5: Alianza
A6: 1 | B6: DOBLAS | C6: Diputado Nac. | D6: PJ | E6: 489 | G6: 1505 | I6: Juez de Paz | J6: Blanco
A7: 1 | B7: DOBLAS | C7: Diputado Nac. | D7: Humanista | E7: 19 | I7: Presidente Comisión de Fomento | J7: Humanista
A8: 1 | B8: DOBLAS | C8: Diputado Nac. | D8: Partido de los Trabajadores Soc. | E8: 10 | I8: Vocales | J8: Acción por la República
A9: 1 | B9: DOBLAS | C9: Diputado Nac. | D9: FREPAM | E9: 19 | I9: Presidente | J9: Movimiento Federalista Pampeano
A10: 1 | B10: DOBLAS | C10: Diputado Nac. | D10: Izquierda al Frente por el Soc. | E10: 14 | I10: Senador Nac. | J10: Socialismo Auténtico
A11: 1 | B11: DOBLAS | C11: Diputado Nac. | D11: Cambiemos | E11: 548 | I11: Diputado Nac. | J11: Frente Pueblo Unido - Socialismo Auténtico
A12: 1 | B12: DOBLAS | C12: Diputado Nac. | D12: Nulo | E12: 44 | J12: Unión Popular de La Adela
A13: 1 | B13: DOBLAS | C13: Diputado Nac. | D13: Blanco | E13: 13 | F13: =SUM(E6:E13) -> 1156 | J13: Convocatoria Independiente
A14: 2 | B14: MACACHIN | C14: Diputado Nac. | D14: PJ | E14: 1490 | G14: 4555 | J14: Patria Grande
A15: 2 | B15: MACACHIN | C15: Diputado Nac. | D15: Humanista | E15: 35 | J15: Alianza Unión por Santa Isabel
A16: 2 | B16: MACACHIN | C16: Diputado Nac. | D16: Partido de los Trabajadores Soc. | E16: 24 | J16: Junta Vecinal de Mauricio Mayer
A17: 2 | B17: MACACHIN | C17: Diputado Nac. | D17: FREPAM | E17: 48 | J17: Intransigente
A18: 2 | B18: MACACHIN | C18: Diputado Nac. | D18: Izquierda al Frente por el Soc. | E18: 51 | J18: Alianza Victorica Electoral y Programática
A19: 2 | B19: MACACHIN | C19: Diputado Nac. | D19: Cambiemos | E19: 1846 | J19: Junta vecinal por y para Ceballos
A20: 2 | B20: MACACHIN | C20: Diputado Nac. | D20: Nulo | E20: 132 | J20: Junta Vecinal de Relmo
A21: 2 | B21: MACACHIN | C21: Diputado Nac. | D21: Blanco | E21: 40 | F21: =SUM(E14:E21) -> 3666 | J21: Unidos por Villa Mirasol
A22: 3 | B22: MIGUEL RIGLOS | C22: Diputado Nac. | D22: PJ | E22: 902 | G22: 2174 | J22: Unión Vecinal Villa Mirasol
A23: 3 | B23: MIGUEL RIGLOS | C23: Diputado Nac. | D23: Humanista | E23: 9 | J23: Junta Vecinal por Arauz
A24: 3 | B24: MIGUEL RIGLOS | C24: Diputado Nac. | D24: Partido de los Trabajadores Soc. | E24: 8 | J24: Movimiento Popular Veinticinqueño Juntos por 25
A25: 3 | B25: MIGUEL RIGLOS | C25: Diputado Nac. | D25: FREPAM | E25: 13 | J25: Unión Vecinal La Maruja
A26: 3 | B26: MIGUEL RIGLOS | C26: Diputado Nac. | D26: Izquierda al Frente por el Soc. | E26: 13 | J26: Unión Vecinal de Pichi Huinca
A27: 3 | B27: MIGUEL RIGLOS | C27: Diputado Nac. | D27: Cambiemos | E27: 666 | J27: Junta Vecinal de A. Van Praet
A28: 3 | B28: MIGUEL RIGLOS | C28: Diputado Nac. | D28: Nulo | E28: 42 | J28: Junta Vecinal de Falucho
A29: 3 | B29: MIGUEL RIGLOS | C29: Diputado Nac. | D29: Blanco | E29: 28 | F29: =SUM(E22:E29) -> 1681 | J29: Junta Vecinal Quetrequén Somos Todos
A30: 4 | B30: ROLON | C30: Diputado Nac. | D30: PJ | E30: 280 | G30: 659 | J30: Junta Vecinal Unión por Metileo
A31: 4 | B31: ROLON | C31: Diputado Nac. | D31: Humanista | E31: 9 | J31: Frente Alternativa Pampeana
A32: 4 | B32: ROLON | C32: Diputado Nac. | D32: Partido de los Trabajadores Soc. | E32: 8 | J32: Frente Popular Anguil
A33: 4 | B33: ROLON | C33: Diputado Nac. | D33: FREPAM | E33: 7 | J33: Unidad 25
A34: 4 | B34: ROLON | C34: Diputado Nac. | D34: Izquierda al Frente por el Soc. | E34: 7 | J34: Alianza Frente Mapa
A35: 4 | B35: ROLON | C35: Diputado Nac. | D35: Cambiemos | E35: 190 | J35: Alianza FPV
A36: 4 | B36: ROLON | C36: Diputado Nac. | D36: Nulo | E36: 16 | J36: Alianza Movimiento de Unidad Popular
A37: 4 | B37: ROLON | C37: Diputado Nac. | D37: Blanco | E37: 17 | F37: =SUM(E30:E37) -> 534 | J37: Frente de Integración Pampeana
A38: 5 | B38: TOMAS M DE ANCHORENA | C38: Diputado Nac. | D38: PJ | E38: 110 | G38: 388 | J38: Popular de la Reconstrucción
A39: 5 | B39: TOMAS M DE ANCHORENA | C39: Diputado Nac. | D39: Humanista | E39: 0 | J39: Pueblo Nuevo
A40: 5 | B40: TOMAS M DE ANCHORENA | C40: Diputado Nac. | D40: Partido de los Trabajadores Soc. | E40: 0 | J40: Junta Vecinal por Catriló
A41: 5 | B41: TOMAS M DE ANCHORENA | C41: Diputado Nac. | D41: FREPAM | E41: 3 | J41: Junta Vecinal Cambio y Progreso por Lonquimay
A42: 5 | B42: TOMAS M DE ANCHORENA | C42: Diputado Nac. | D42: Izquierda al Frente por el Soc. | E42: 2 | J42: Afirmación para una República Igualitaria
A43: 5 | B43: TOMAS M DE ANCHORENA | C43: Diputado Nac. | D43: Cambiemos | E43: 166 | J43: Movimiento de Integración y Desarrollo
A44: 5 | B44: TOMAS M DE ANCHORENA | C44: Diputado Nac. | D44: Nulo | E44: 13 | J44: Unión por el Trabajo y el Progreso de Santa Isabel
A45: 5 | B45: TOMAS M DE ANCHORENA | C45: Diputado Nac. | D45: Blanco | E45: 7 | F45: =SUM(E38:E45) -> 301 | J45: Frente para el Cambio de Larroude
A46: 6 | B46: ANGUIL | C46: Diputado Nac. | D46: PJ | E46: 556 | G46: 1728 | J46: Frente Todos por Ceballos
A47: 6 | B47: ANGUIL | C47: Diputado Nac. | D47: Humanista | E47: 23 | J47: Frente Vecinal Alvearense
A48: 6 | B48: ANGUIL | C48: Diputado Nac. | D48: Partido de los Trabajadores Soc. | E48: 24 | J48: Frente Unión por Algarrobo del Aguila
A49: 6 | B49: ANGUIL | C49: Diputado Nac. | D49: FREPAM | E49: 38 | J49: Frente Unión por La Humada
A50: 6 | B50: ANGUIL | C50: Diputado Nac. | D50: Izquierda al Frente por el Soc. | E50: 24 | J50: Frente Integrador por E. Castex
A51: 6 | B51: ANGUIL | C51: Diputado Nac. | D51: Cambiemos | E51: 622 | J51: Izquierda al Frente por el Soc.
A52: 6 | B52: ANGUIL | C52: Diputado Nac. | D52: Nulo | E52: 56 | J52: Juntos por Bernasconi
A53: 6 | B53: ANGUIL | C53: Diputado Nac. | D53: Blanco | E53: 26 | F53: =SUM(E46:E53) -> 1369 | J53: Todos por San Martín
A54: 9 y 10 | B54: SANTA ROSA | C54: Diputado Nac. | D54: PJ | E54: 22866 | G54: 90619 | J54: Socialista Popular
A55: 9 y 10 | B55: SANTA ROSA | C55: Diputado Nac. | D55: Humanista | E55: 2397 | J55: Cambiemos
A56: 9 y 10 | B56: SANTA ROSA | C56: Diputado Nac. | D56: Partido de los Trabajadores Soc. | E56: 1989 | J56: Frente Vecinal Todos por Pico
A57: 9 y 10 | B57: SANTA ROSA | C57: Diputado Nac. | D57: FREPAM | E57: 2448 | J57: Cívico Pampeano
A58: 9 y 10 | B58: SANTA ROSA | C58: Diputado Nac. | D58: Izquierda al Frente por el Soc. | E58: 1479
A59: 9 y 10 | B59: SANTA ROSA | C59: Diputado Nac. | D59: Cambiemos | E59: 30769
A60: 9 y 10 | B60: SANTA ROSA | C60: Diputado Nac. | D60: Nulo | E60: 2428 | J60: Unión por 25 de Mayo
A61: 9 y 10 | B61: SANTA ROSA | C61: Diputado Nac. | D61: Blanco | E61: 878 | F61: =SUM(E54:E61) -> 65254 | J61: Junta Vecinal Unidos por Puelén
A62: 11 | B62: LA ADELA | C62: Diputado Nac. | D62: PJ | E62: 759 | G62: 1896 | J62: Junta Vecinal Quemuense
A63: 11 | B63: LA ADELA | C63: Diputado Nac. | D63: Humanista | E63: 30 | J63: Frente Pampeano para la Victoria
A64: 11 | B64: LA ADELA | C64: Diputado Nac. | D64: Partido de los Trabajadores Soc. | E64: 12
A65: 11 | B65: LA ADELA | C65: Diputado Nac. | D65: FREPAM | E65: 46 | J65: Frente Vecinal Realicó
A66: 11 | B66: LA ADELA | C66: Diputado Nac. | D66: Izquierda al Frente por el Soc. | E66: 37 | J66: Alianza Esperanza por Toay
A67: 11 | B67: LA ADELA | C67: Diputado Nac. | D67: Cambiemos | E67: 421 | J67: Frente Vecinal por Trenel
A68: 11 | B68: LA ADELA | C68: Diputado Nac. | D68: Nulo | E68: 63 | J68: Junta Vecinal A. Roca
A69: 11 | B69: LA ADELA | C69: Diputado Nac. | D69: Blanco | E69: 21 | F69: =SUM(E62:E69) -> 1389 | J69: Junta Vecinal por Cnia. S. María
A70: 13 | B70: CATRILO | C70: Diputado Nac. | D70: PJ | E70: 1374 | G70: 3818 | J70: Frente Unión por Chacharramendi
A71: 13 | B71: CATRILO | C71: Diputado Nac. | D71: Humanista | E71: 18 | J71: Junta Vecinal Unidos por Acha
A72: 13 | B72: CATRILO | C72: Diputado Nac. | D72: Partido de los Trabajadores Soc. | E72: 14 | J72: Movimiento Vecinal Achense
A73: 13 | B73: CATRILO | C73: Diputado Nac. | D73: FREPAM | E73: 32 | J73: Unión Vecinal Achense
A74: 13 | B74: CATRILO | C74: Diputado Nac. | D74: Izquierda al Frente por el Soc. | E74: 36 | J74: FREPAM
A75: 13 | B75: CATRILO | C75: Diputado Nac. | D75: Cambiemos | E75: 1331 | J75: Nulo
A76: 13 | B76: CATRILO | C76: Diputado Nac. | D76: Nulo | E76: 72 | J76: Punto de Unión Doblense
A77: 13 | B77: CATRILO | C77: Diputado Nac. | D77: Blanco | E77: 54 | F77: =SUM(E70:E77) -> 2931 | J77: GEN
A78: 14 | B78: LA GLORIA | C78: Diputado Nac. | D78: PJ | E78: 15 | G78: 56 | J78: Alianza Compromiso Federal
A79: 14 | B79: LA GLORIA | C79: Diputado Nac. | D79: Humanista | E79: 1 | J79: Cambiemos - FREPAM
A80: 14 | B80: LA GLORIA | C80: Diputado Nac. | D80: Partido de los Trabajadores Soc. | E80: 2 | J80: Partido de los Trabajadores Soc.
A81: 14 | B81: LA GLORIA | C81: Diputado Nac. | D81: FREPAM | E81: 0 | J81: Frente Propuesta Federal
A82: 14 | B82: LA GLORIA | C82: Diputado Nac. | D82: Izquierda al Frente por el Soc. | E82: 0
A83: 14 | B83: LA GLORIA | C83: Diputado Nac. | D83: Cambiemos | E83: 22
A84: 14 | B84: LA GLORIA | C84: Diputado Nac. | D84: Nulo | E84: 4
A85: 14 | B85: LA GLORIA | C85: Diputado Nac. | D85: Blanco | E85: 2 | F85: =SUM(E78:E85) -> 46
A86: 15 | B86: LONQUIMAY | C86: Diputado Nac. | D86: PJ | E86: 455 | G86: 1572
A87: 15 | B87: LONQUIMAY | C87: Diputado Nac. | D87: Humanista | E87: 7
A88: 15 | B88: LONQUIMAY | C88: Diputado Nac. | D88: Partido de los Trabajadores Soc. | E88: 10
A89: 15 | B89: LONQUIMAY | C89: Diputado Nac. | D89: FREPAM | E89: 19
A90: 15 | B90: LONQUIMAY | C90: Diputado Nac. | D90: Izquierda al Frente por el Soc. | E90: 17
A91: 15 | B91: LONQUIMAY | C91: Diputado Nac. | D91: Cambiemos | E91: 657
A92: 15 | B92: LONQUIMAY | C92: Diputado Nac. | D92: Nulo | E92: 51
A93: 15 | B93: LONQUIMAY | C93: Diputado Nac. | D93: Blanco | E93: 22 | F93: =SUM(E86:E93) -> 1238
A94: 16 | B94: URIBURU | C94: Diputado Nac. | D94: PJ | E94: 297 | G94: 879
A95: 16 | B95: URIBURU | C95: Diputado Nac. | D95: Humanista | E95: 6
A96: 16 | B96: URIBURU | C96: Diputado Nac. | D96: Partido de los Trabajadores Soc. | E96: 3
A97: 16 | B97: URIBURU | C97: Diputado Nac. | D97: FREPAM | E97: 12
A98: 16 | B98: URIBURU | C98: Diputado Nac. | D98: Izquierda al Frente por el Soc. | E98: 8
A99: 16 | B99: URIBURU | C99: Diputado Nac. | D99: Cambiemos | E99: 369
A100: 16 | B100: URIBURU | C100: Diputado Nac. | D100: Nulo | E100: 19
A101: 16 | B101: URIBURU | C101: Diputado Nac. | D101: Blanco | E101: 10 | F101: =SUM(E94:E101) -> 724
A102: 17 | B102: CNIA. EMILIO MITRE | C102: Diputado Nac. | D102: PJ | E102: 11 | G102: 29
...

Sheet Hoja1
A1: General 2017 | G1: Paso 2017 | M1: 2019 | S1: PASO 2021
A2: SANTA ROSA | B2: Diputado Nac. | C2: PJ | D2: 29146 | F2: 90619 | G2: SANTA ROSA | H2: Diputado Nac. | I2: PJ | J2: 22866 | L2: 90619 | M2: SANTA ROSA | N2: Gobernador | O2: PJ | P2: 33285 | Q2: =SUM(P2:P11) -> 65565 | S2: LOCALIDAD: SANTA ROSA
A3: SANTA ROSA | B3: Diputado Nac. | C3: Humanista | D3: 2051 | G3: SANTA ROSA | H3: Diputado Nac. | I3: Humanista | J3: 2397 | M3: SANTA ROSA | N3: Gobernador | O3: Cambiemos - FREPAM | P3: 16400 | S3: AGRUPACION: | T3: VOTOS SEN | U3: % SEN | V3: VOTOS DIP | W3: % DIP
A4: SANTA ROSA | B4: Diputado Nac. | C4: Partido de los Trabajadores Soc. | D4: 2160 | G4: SANTA ROSA | H4: Diputado Nac. | I4: Partido de los Trabajadores Soc. | J4: 1989 | M4: SANTA ROSA | N4: Gobernador | O4: Comunidad organizada | P4: 7012 | S4: JUNTOS POR EL CAMBIO | T4: 26837 | U4: 0.454 | V4: 26751 | W4: 0.453
A5: SANTA ROSA | B5: Diputado Nac. | C5: FREPAM | D5: 2075 | G5: SANTA ROSA | H5: Diputado Nac. | I5: FREPAM | J5: 2448 | M5: SANTA ROSA | N5: Gobernador | O5: Pueblo Nuevo | P5: 2216
A6: SANTA ROSA | B6: Diputado Nac. | C6: Izquierda al Frente por el Soc. | D6: 1794 | G6: SANTA ROSA | H6: Diputado Nac. | I6: Izquierda al Frente por el Soc. | J6: 1479 | M6: SANTA ROSA | N6: Gobernador | O6: Blanco | P6: 1706 | S6: FRENTE DE TODOS | T6: 24519 | U6: 0.415 | V6: 24632 | W6: 0.417
A7: SANTA ROSA | B7: Diputado Nac. | C7: Cambiemos | D7: 28965 | G7: SANTA ROSA | H7: Diputado Nac. | I7: Cambiemos | J7: 30769 | M7: SANTA ROSA | N7: Gobernador | O7: Partido socialista | P7: 1655
A8: SANTA ROSA | B8: Diputado Nac. | C8: Nulo | D8: 1458 | G8: SANTA ROSA | H8: Diputado Nac. | I8: Nulo | J8: 2428 | M8: SANTA ROSA | N8: Gobernador | O8: Frente popular pampeano | P8: 1144 | S8: OTROS | T8: 7702 | U8: 0.13 | V8: 7714 | W8: 0.131
A9: SANTA ROSA | B9: Diputado Nac. | C9: Blanco | D9: 540 | E9: 68264 | G9: SANTA ROSA | H9: Diputado Nac. | I9: Blanco | J9: 878 | K9: =SUM(J2:J9) -> 65254 | M9: SANTA ROSA | N9: Gobernador | O9: Nulo | P9: 801 | S9: Total | T9: =SUM(T4:T8) -> 59058
A10: GENERAL PICO | B10: Diputado Nac. | C10: PJ | D10: 16967 | F10: 50143 | G10: GENERAL PICO | H10: Diputado Nac. | I10: PJ | J10: 11755 | L10: 50143 | M10: SANTA ROSA | N10: Gobernador | O10: Movimiento socialista de los trabajadores | P10: 743
A11: GENERAL PICO | B11: Diputado Nac. | C11: Humanista | D11: 538 | G11: GENERAL PICO | H11: Diputado Nac. | I11: Humanista | J11: 675 | M11: SANTA ROSA | N11: Gobernador | O11: Desde el pie | P11: 603 | S11: LOCALIDAD: GENERAL PICO
A12: GENERAL PICO | B12: Diputado Nac. | C12: Partido de los Trabajadores Soc. | D12: 486 | G12: GENERAL PICO | H12: Diputado Nac. | I12: Partido de los Trabajadores Soc. | J12: 518 | M12: GENERAL PICO | N12: Gobernador | O12: PJ | P12: 18299 | Q12: =SUM(P12:P21) -> 38282 | S12: AGRUPACION: | T12: VOTOS SEN | U12: %SEN | V12: VOTOS DIP | W12: %DIP
A13: GENERAL PICO | B13: Diputado Nac. | C13: FREPAM | D13: 2915 | G13: GENERAL PICO | H13: Diputado Nac. | I13: FREPAM | J13: 3294 | M13: GENERAL PICO | N13: Gobernador | O13: Cambiemos - FREPAM | P13: 11117 | S13: JUNTOS POR EL CAMBIO: | T13: 18739 | U13: 0.544 | V13: 18714 | W13: 0.544
A14: GENERAL PICO | B14: Diputado Nac. | C14: Izquierda al Frente por el Soc. | D14: 764 | G14: GENERAL PICO | H14: Diputado Nac. | I14: Izquierda al Frente por el Soc. | J14: 851 | M14: GENERAL PICO | N14: Gobernador | O14: Pueblo Nuevo | P14: 2022
A15: GENERAL PICO | B15: Diputado Nac. | C15: Cambiemos | D15: 16986 | G15: GENERAL PICO | H15: Diputado Nac. | I15: Cambiemos | J15: 18453 | M15: GENERAL PICO | N15: Gobernador | O15: Blanco | P15: 1981 | S15: FRENTE DE TODOS: | T15: 11694 | U15: 0.339 | V15: 11681 | W15: 0.34
A16: GENERAL PICO | B16: Diputado Nac. | C16: Nulo | D16: 797 | G16: GENERAL PICO | H16: Diputado Nac. | I16: Nulo | J16: 1499 | M16: GENERAL PICO | N16: Gobernador | O16: Comunidad organizada | P16: 1949
A17: GENERAL PICO | B17: Diputado Nac. | C17: Blanco | D17: 301 | E17: 39754 | G17: GENERAL PICO | H17: Diputado Nac. | I17: Blanco | J17: 638 | K17: =SUM(J10:J17) -> 37683 | M17: GENERAL PICO | N17: Gobernador | O17: Desde el pie | P17: 713 | S17: OTROS: | T17: 4022 | U17: 0.117 | V17: 3977 | W17: 11 ,60%
A18: GRAL ACHA | B18: Diputado Nac. | C18: PJ | D18: 3096 | F18: 11653 | G18: GRAL ACHA | H18: Diputado Nac. | I18: PJ | J18: 2319 | L18: 11653 | M18: GENERAL PICO | N18: Gobernador | O18: Frente popular pampeano | P18: 687 | S18: Total | T18: =SUM(T13:T17) -> 34455
A19: GRAL ACHA | B19: Diputado Nac. | C19: Humanista | D19: 107 | G19: GRAL ACHA | H19: Diputado Nac. | I19: Humanista | J19: 102 | M19: GENERAL PICO | N19: Gobernador | O19: Partido socialista | P19: 627
A20: GRAL ACHA | B20: Diputado Nac. | C20: Partido de los Trabajadores Soc. | D20: 133 | G20: GRAL ACHA | H20: Diputado Nac. | I20: Partido de los Trabajadores Soc. | J20: 102 | M20: GENERAL PICO | N20: Gobernador | O20: Nulo | P20: 536 | S20: LOCALIDAD: GENERAL ACHA
A21: GRAL ACHA | B21: Diputado Nac. | C21: FREPAM | D21: 195 | G21: GRAL ACHA | H21: Diputado Nac. | I21: FREPAM | J21: 239 | M21: GENERAL PICO | N21: Gobernador | O21: Movimiento socialista de los trabajadores | P21: 351 | S21: AGRUPACION: | T21: VOTOS SEN | U21: %SEN | V21: VOTOS DIP | W21: %DIP
A22: GRAL ACHA | B22: Diputado Nac. | C22: Izquierda al Frente por el Soc. | D22: 175 | G22: GRAL ACHA | H22: Diputado Nac. | I22: Izquierda al Frente por el Soc. | J22: 175 | M22: GRAL ACHA | N22: Gobernador | O22: PJ | P22: 3191 | Q22: =SUM(P22:P31) -> 8822 | S22: JUNTOS POR EL CAMBIO: | T22: 4457 | U22: 0.602 | V22: 4733 | W22: 0.617
A23: GRAL ACHA | B23: Diputado Nac. | C23: Cambiemos | D23: 4527 | G23: GRAL ACHA | H23: Diputado Nac. | I23: Cambiemos | J23: 4528 | M23: GRAL ACHA | N23: Gobernador | O23: Cambiemos - FREPAM | P23: 2793
A24: GRAL ACHA | B24: Diputado Nac. | C24: Nulo | D24: 233 | G24: GRAL ACHA | H24: Diputado Nac. | I24: Nulo | J24: 490 | M24: GRAL ACHA | N24: Gobernador | O24: Blanco | P24: 1541 | S24: FRENTE DE TODOS: | T24: 2257 | U24: 0.305 | V24: 2253 | W24: 0.294
A25: GRAL ACHA | B25: Diputado Nac. | C25: Blanco | D25: 118 | E25: 8584 | G25: GRAL ACHA | H25: Diputado Nac. | I25: Blanco | J25: 177 | K25: =SUM(J18:J25) -> 8132 | M25: GRAL ACHA | N25: Gobernador | O25: Comunidad organizada | P25: 683
A26: EDUARDO CASTEX | B26: Diputado Nac. | C26: PJ | D26: 3101 | F26: 8766 | G26: EDUARDO CASTEX | H26: Diputado Nac. | I26: PJ | J26: 2488 | L26: 8766 | M26: GRAL ACHA | N26: Gobernador | O26: Pueblo Nuevo | P26: 275 | S26: OTROS: | T26: 686 | U26: 0.092 | V26: 690 | W26: 0.09
A27: EDUARDO CASTEX | B27: Diputado Nac. | C27: Humanista | D27: 86 | G27: EDUARDO CASTEX | H27: Diputado Nac. | I27: Humanista | J27: 83 | M27: GRAL ACHA | N27: Gobernador | O27: Partido socialista | P27: 118 | S27: Total | T27: =SUM(T22:T26) -> 7400
A28: EDUARDO CASTEX | B28: Diputado Nac. | C28: Partido de los Trabajadores Soc. | D28: 105 | G28: EDUARDO CASTEX | H28: Diputado Nac. | I28: Partido de los Trabajadores Soc. | J28: 106 | M28: GRAL ACHA | N28: Gobernador | O28: Frente popular pampeano | P28: 77
A29: EDUARDO CASTEX | B29: Diputado Nac. | C29: FREPAM | D29: 89 | G29: EDUARDO CASTEX | H29: Diputado Nac. | I29: FREPAM | J29: 235 | M29: GRAL ACHA | N29: Gobernador | O29: Nulo | P29: 76 | S29: LOCALIDAD: TOAY
A30: EDUARDO CASTEX | B30: Diputado Nac. | C30: Izquierda al Frente por el Soc. | D30: 108 | G30: EDUARDO CASTEX | H30: Diputado Nac. | I30: Izquierda al Frente por el Soc. | J30: 78 | M30: GRAL ACHA | N30: Gobernador | O30: Movimiento socialista de los trabajadores | P30: 40 | S30: AGRUPACION: | T30: VOTOS SEN | U30: %SEN | V30: VOTOS DIP | W30: %DIP
A31: EDUARDO CASTEX | B31: Diputado Nac. | C31: Cambiemos | D31: 3052 | G31: EDUARDO CASTEX | H31: Diputado Nac. | I31: Cambiemos | J31: 3130 | M31: GRAL ACHA | N31: Gobernador | O31: Desde el pie | P31: 28 | S31: JUNTOS POR EL CAMBIO: | T31: 4355 | U31: 0.484 | V31: 4335 | W31: 0.483
A32: EDUARDO CASTEX | B32: Diputado Nac. | C32: Nulo | D32: 156 | G32: EDUARDO CASTEX | H32: Diputado Nac. | I32: Nulo | J32: 268 | M32: EDUARDO CASTEX | N32: Gobernador | O32: PJ | P32: 2903 | Q32: =SUM(P32:P41) -> 6934
A33: EDUARDO CASTEX | B33: Diputado Nac. | C33: Blanco | D33: 69 | E33: 6766 | G33: EDUARDO CASTEX | H33: Diputado Nac. | I33: Blanco | J33: 117 | K33: =SUM(J26:J33) -> 6505 | M33: EDUARDO CASTEX | N33: Gobernador | O33: Cambiemos - FREPAM | P33: 2680 | S33: FRENTE DE TODOS: | T33: 3586 | U33: 0.398 | V33: 3587 | W33: 0.399
A34: TOAY | B34: Diputado Nac. | C34: PJ | D34: 4385 | F34: 12268 | G34: TOAY | H34: Diputado Nac. | I34: PJ | J34: 3678 | L34: 12268 | M34: EDUARDO CASTEX | N34: Gobernador | O34: Pueblo Nuevo | P34: 390
A35: TOAY | B35: Diputado Nac. | C35: Humanista | D35: 206 | G35: TOAY | H35: Diputado Nac. | I35: Humanista | J35: 252 | M35: EDUARDO CASTEX | N35: Gobernador | O35: Partido socialista | P35: 330 | S35: OTROS: | T35: 1059 | U35: 11 ,80% | V35: 1057 | W35: 11 ,80%
A36: TOAY | B36: Diputado Nac. | C36: Partido de los Trabajadores Soc. | D36: 210 | G36: TOAY | H36: Diputado Nac. | I36: Partido de los Trabajadores Soc. | J36: 197 | M36: EDUARDO CASTEX | N36: Gobernador | O36: Comunidad organizada | P36: 275 | S36: Total | T36: =SUM(T31:T35) -> 9000
A37: TOAY | B37: Diputado Nac. | C37: FREPAM | D37: 241 | G37: TOAY | H37: Diputado Nac. | I37: FREPAM | J37: 256 | M37: EDUARDO CASTEX | N37: Gobernador | O37: Blanco | P37: 218
A38: TOAY | B38: Diputado Nac. | C38: Izquierda al Frente por el Soc. | D38: 181 | G38: TOAY | H38: Diputado Nac. | I38: Izquierda al Frente por el Soc. | J38: 172 | M38: EDUARDO CASTEX | N38: Gobernador | O38: Nulo | P38: 78 | S38: LOCALIDAD: EDUARDO CASTEX
A39: TOAY | B39: Diputado Nac. | C39: Cambiemos | D39: 3908 | G39: TOAY | H39: Diputado Nac. | I39: Cambiemos | J39: 3986 | M39: EDUARDO CASTEX | N39: Gobernador | O39: Movimiento socialista de los trabajadores | P39: 26 | S39: AGRUPACION: | T39: VOTOS SEN | U39: %SEN | V39: VOTOS DIP | W39: %DIP
A40: TOAY | B40: Diputado Nac. | C40: Nulo | D40: 177 | G40: TOAY | H40: Diputado Nac. | I40: Nulo | J40: 321 | M40: EDUARDO CASTEX | N40: Gobernador | O40: Desde el pie | P40: 21 | S40: JUNTOS POR EL CAMBIO: | T40: 3233 | U40: 0.577 | V40: 3196 | W40: 0.574
A41: TOAY | B41: Diputado Nac. | C41: Blanco | D41: 82 | E41: 9390 | G41: TOAY | H41: Diputado Nac. | I41: Blanco | J41: 135 | K41: =SUM(J34:J41) -> 8997 | M41: EDUARDO CASTEX | N41: Gobernador | O41: Frente popular pampeano | P41: 13
M42: TOAY | N42: Gobernador | O42: PJ | P42: 5019 | Q42: =SUM(P42:P51) -> 9440 | S42: FRENTE DE TODOS: | T42: 1944 | U42: 0.347 | V42: 1943 | W42: 0.349
M43: TOAY | N43: Gobernador | O43: Cambiemos - FREPAM | P43: 2167
M44: TOAY | N44: Gobernador | O44: Comunidad organizada | P44: 940 | S44: OTROS: | T44: 422 | U44: 0.075 | V44: 426 | W44: 0.076
M45: TOAY | N45: Gobernador | O45: Pueblo Nuevo | P45: 352 | S45: Total | T45: =SUM(T40:T44) -> 5599
M46: TOAY | N46: Gobernador | O46: Blanco | P46: 230
M47: TOAY | N47: Gobernador | O47: Frente popular pampeano | P47: 219
M48: TOAY | N48: Gobernador | O48: Partido socialista | P48: 204
M49: TOAY | N49: Gobernador | O49: Nulo | P49: 110
M50: TOAY | N50: Gobernador | O50: Movimiento socialista de los trabajadores | P50: 106
M51: TOAY | N51: Gobernador | O51: Desde el pie | P51: 93
B79: Total de votos pj | C79: Cambiemos | D79: Votos | E79: Padrón
A80: Total de votos Paso2017 | B80: =+J2+J10+J18+J26+J34 -> 43106 | C80: =+J7+J15+J23+J31+J39 -> 60866 | D80: =+K9+K17+K25+K33+K41 -> 126571 | E80: =+L2+L10+L18+L26+L34 -> 173449
A81: Total de votos general 2017 | B81: =+D2+D10+D18+D26+D34 -> 56695 | C81: =+D7+D15+D23+D31+D39 -> 57438 | D81: =+E9+E17+E25+E33+E41 -> 132758
A82: Total votos 2019 | B82: =+P2+P12+P22+P32+P42 -> 62697 | C82: =+P3+P13+P23+P33+P43 -> 35157 | D82: =+Q2+Q12+Q22+Q32+Q42 -> 129043 | E82: 173489
A83: Total de votos 2021 | B83: =+T6+T24+T15+T33+T42 -> 44000 | C83: =+T4+T13+T22+T31+T40 -> 57621 | D83: =+T9+T18+T27+T36+T45 -> 115512

Sheet Hoja6
B1: Total de votos pj | C1: Cambiemos | D1: Votos | E1: Padrón
A2: Total de votos Paso2017 | B2: =+#REF!+#REF!+#REF!+#REF!+#REF! -> #REF! | C2: =+#REF!+#REF!+#REF!+#REF!+#REF! -> #REF! | D2: =+#REF!+#REF!+#REF!+#REF!+#REF! -> #REF! | E2: =+#REF!+#REF!+#REF!+#REF!+#REF! -> #REF!
A3: Total de votos general 2017 | B3: =+#REF!+#REF!+#REF!+#REF!+#REF! -> #REF! | C3: =+#REF!+#REF!+#REF!+#REF!+#REF! -> #REF! | D3: =+#REF!+#REF!+#REF!+#REF!+#REF! -> #REF!
A4: Total votos 2019 | B4: =+#REF!+#REF!+#REF!+#REF!+#REF! -> #REF! | C4: =+#REF!+#REF!+#REF!+#REF!+#REF! -> #REF! | D4: =+#REF!+#REF!+#REF!+#REF!+#REF! -> #REF!
A5: Total de votos 2021 | B5: =+#REF!+#REF!+#REF!+#REF!+#REF! -> #REF! | C5: =+#REF!+#REF!+#REF!+#REF!+#REF! -> #REF! | D5: =+#REF!+#REF!+#REF!+#REF!+#REF! -> #REF! | E5: 173489
B8: Total de votos pj | C8: Cambiemos | D8: Votos | E8: Padrón
A9: Total de votos Paso2017 | B9: =+#REF!+#REF!+#REF!+#REF!+#REF! -> #REF! | C9: =+#REF!+#REF!+#REF!+#REF!+#REF! -> #REF! | D9: =+#REF!+#REF!+#REF!+#REF!+#REF! -> #REF! | E9: =+#REF!+#REF!+#REF!+#REF!+#REF! -> #REF!
A10: Total de votos general 2017 | B10: =+#REF!+#REF!+#REF!+#REF!+#REF! -> #REF! | C10: =+#REF!+#REF!+#REF!+#REF!+#REF! -> #REF! | D10: =+#REF!+#REF!+#REF!+#REF!+#REF! -> #REF!
A11: Total votos 2019 | B11: =+#REF!+#REF!+#REF!+#REF!+#REF! -> #REF! | C11: =+#REF!+#REF!+#REF!+#REF!+#REF! -> #REF! | D11: =+#REF!+#REF!+#REF!+#REF!+#REF! -> #REF!
A12: Total de votos 2021 | B12: =+#REF!+#REF!+#REF!+#REF!+#REF! -> #REF! | C12: =+#REF!+#REF!+#REF!+#REF!+#REF! -> #REF! | D12: =+#REF!+#REF!+#REF!+#REF!+#REF! -> #REF! | E12: 173489

Sheet Copia de Localidades
H1: Semana 1
H2: Lunes | I2: martes | J2: miércoles | K2: jueves | L2: viernes | M2: sábado
A3: NOMBRE | B3: POBLACION | D3: Fr | E3: FrA | F3: ID | G3: GRUPO | H3: 42996 | I3: 42997 | J3: 42998 | K3: 42999 | L3: 43000 | M3: 43001
A4: SANTA ROSA | B4: 103241 | C4: 74 | D4: =B4/$B$104 -> 0.32464804 | E4: =D4 -> 0.32464804 | F4: 1 | G4: A
A5: GENERAL PICO | B5: 57669 | C5: 35 | D5: =B5/$B$104 -> 0.18134392 | E5: =D5+E4 -> 0.50599197 | F5: 2
A6: GRAL ACHA | B6: 12583 | C6: 37 | D6: =B6/$B$104 -> 0.039568063 | E6: =D6+E5 -> 0.54556003 | F6: 3
A7: TOAY | B7: 12134 | C7: 78 | D7: =B7/$B$104 -> 0.038156153 | E7: =D7+E6 -> 0.58371618 | F7: 4
A8: EDUARDO CASTEX | B8: 9470 | C8: 32 | D8: =B8/$B$104 -> 0.029779031 | E8: =D8+E7 -> 0.61349522 | F8: 5
A9: CNIA. 25 DE MAYO | B9: 8507 | C9: 19 | D9: =B9/$B$104 -> 0.026750815 | E9: =D9+E8 -> 0.64024603 | F9: 6
A10: INT. ALVEAR | B10: 7741 | C10: 43 | D10: =B10/$B$104 -> 0.024342078 | E10: =D10+E9 -> 0.66458811 | F10: 7
A11: REALICO | B11: 7591 | C11: 71 | D11: =B11/$B$104 -> 0.023870394 | E11: =D11+E10 -> 0.6884585 | F11: 8
A12: VICTORICA | B12: 5799 | C12: 86 | D12: =B12/$B$104 -> 0.018235333 | E12: =D12+E11 -> 0.70669384 | F12: 9
A13: GUATRACHE | B13: 5037 | C13: 40 | D13: =B13/$B$104 -> 0.015839174 | E13: =D13+E12 -> 0.72253301 | F13: 10
A14: MACACHIN | B14: 4950 | C14: 53 | D14: =B14/$B$104 -> 0.015565597 | E14: =D14+E13 -> 0.73809861 | F14: 11
A15: ING. LUIGGI | B15: 4894 | C15: 42 | D15: =B15/$B$104 -> 0.015389502 | E15: =D15+E14 -> 0.75348811 | F15: 12
A16: CATRILO | B16: 4233 | C16: 15 | D16: =B16/$B$104 -> 0.013310944 | E16: =D16+E15 -> 0.76679905 | F16: 13
A17: QUEMU QUEMU | B17: 3966 | C17: 68 | D17: =B17/$B$104 -> 0.012471345 | E17: =D17+E16 -> 0.7792704 | F17: 14
A18: RANCUL | B18: 3671 | C18: 70 | D18: =B18/$B$104 -> 0.011543698 | E18: =D18+E17 -> 0.7908141 | F18: 1 | G18: B
A19: TRENEL | B19: 3613 | C19: 81 | D19: =B19/$B$104 -> 0.011361314 | E19: =D19+E18 -> 0.80217541 | F19: 2
A20: COLONIA BARON | B20: 3062 | C20: 25 | D20: =B20/$B$104 -> 0.0096286583 | E20: =D20+E19 -> 0.81180407 | F20: 3
A21: SANTA ISABEL | B21: 2966 | C21: 29 | D21: =B21/$B$104 -> 0.0093267801 | E21: =D21+E20 -> 0.82113085 | F21: 4
A22: GRAL. SAN MARTIN | B22: 2801 | C22: 39 | D22: =B22/$B$104 -> 0.0088079268 | E22: =D22+E21 -> 0.82993878 | F22: 5
A23: WINIFREDA | B23: 2776 | C23: 88 | D23: =B23/$B$104 -> 0.0087293127 | E23: =D23+E22 -> 0.83866809 | F23: 6
A24: JACINTO ARAUZ | B24: 2598 | C24: 44 | D24: =B24/$B$104 -> 0.0081695801 | E24: =D24+E23 -> 0.84683767 | F24: 7
A25: PARERA | B25: 2444 | C25: 62 | D25: =B25/$B$104 -> 0.0076853171 | E25: =D25+E24 -> 0.85452299 | F25: 8
A26: MIGUEL RIGLOS | B26: 2331 | C26: 58 | D26: =B26/$B$104 -> 0.0073299812 | E26: =D26+E25 -> 0.86185297 | F26: 9
A27: LA ADELA | B27: 2277 | C27: 45 | D27: =B27/$B$104 -> 0.0071601747 | E27: =D27+E26 -> 0.86901314 | F27: 10
A28: ALPACHIRI | B28: 2003 | C28: 5 | D28: =B28/$B$104 -> 0.0062985639 | E28: =D28+E27 -> 0.87531171 | F28: 11
A29: ANGUIL | B29: 1934 | C29: 7 | D29: =B29/$B$104 -> 0.0060815889 | E29: =D29+E28 -> 0.88139329 | F29: 12
A30: DOBLAS | B30: 1762 | C30: 30 | D30: =B30/$B$104 -> 0.0055407237 | E30: =D30+E29 -> 0.88693402 | F30: 13
... A33: BERNARDO LARROUDE | B33: 1628 | C33: 10 | D33: =B33/$B$104 -> 0.005119352 | E33: =D33+E32 -> 0.90300275 | F33: 16
A34: ALTA ITALIA | B34: 1529 | C34: 6 | D34: =B34/$B$104 -> 0.00480804 | E34: =D34+E33 -> 0.90781079
A35: EMBAJADOR MARTINI | B35: 1482 | C35: 33 | D35: =B35/$B$104 -> 0.0046602455 | E35: =D35+E34 -> 0.91247103
A36: TELEN | B36: 1450 | C36: 77 | D36: =B36/$B$104 -> 0.0045596194 | E36: =D36+E35 -> 0.91703065
A37: LA MARUJA | B37: 1392 | C37: 47 | D37: =B37/$B$104 -> 0.0043772346 | E37: =D37+E36 -> 0.92140788
A38: CALEUFU | B38: 1345 | C38: 13 | D38: =B38/$B$104 -> 0.00422944 | E38: =D38+E37 -> 0.92563732
A39: URIBURU | B39: 1193 | C39: 83 | D39: =B39/$B$104 -> 0.0037514662 | E39: =D39+E38 -> 0.92938879
A40: ARATA | B40: 1151 | C40: 8 | D40: =B40/$B$104 -> 0.0036193944 | E40: =D40+E39 -> 0.93300819
A41: GRAL. CAMPOS | B41: 1062 | C41: 38 | D41: =B41/$B$104 -> 0.0033395281 | E41: =D41+E40 -> 0.93634771
A42: ATALIVA ROCA | B42: 1036 | C42: 9 | D42: =B42/$B$104 -> 0.0032577694 | E42: =D42+E41 -> 0.93960548
A43: LA HUMADA | B43: 963 | C43: 46 | D43: =B43/$B$104 -> 0.0030282162 | E43: =D43+E42 -> 0.9426337
A44: MIGUEL CANE | B44: 875 | C44: 57 | D44: =B44/$B$104 -> 0.0027514945 | E44: =D44+E43 -> 0.94538519
A45: PUELEN | B45: 812 | C45: 66 | D45: =B45/$B$104 -> 0.0025533869 | E45: =D45+E44 -> 0.94793858
... A91: COLONIA CHICA | B91: 0 | C91: 26 | D91: =B91/$B$104 -> 0 | E91: =D91+E90 -> 1
A92: PADRE BUODO | C92: 89 | D92: =B92/$B$104 -> 0 | E92: =D92+E91 -> 1
A93: CNIA. EMILIO MITRE
A94: RELMO
A95: LA GLORIA
A96: CHAMAICO
A97: OF. ENRIQUE SEGURA
A98: PRIVADOS DE LIBERTAD
A99: RESIDENTES EN EL EXTERIOR
A100: COMANDO ELECTORAL
A101: SAN JOSE
A102: ARGENTINOS EN EL EXTERIOR
A103: MESAS ESPECIALES
B104: =SUM(B4:B102) -> 318009

Sheet Semana 1
H1: Semana 1 | O1: Semana 2 | V1: Semana 3 | AC1: Semana 4 | AJ1: Semana 5
H2: lunes | I2: martes | J2: miércoles | K2: jueves | L2: viernes | M2: sábado | N2: domingo | O2: lunes | P2: martes | Q2: miércoles | R2: jueves | S2: viernes | T2: sábado | U2: domingo | V2: lunes | W2: martes | X2: miércoles | Y2: jueves | Z2: viernes | AA2: sábado | AB2: domingo | AC2: lunes | AD2: martes | AE2: miércoles | AF2: jueves | AG2: viernes | AH2: sábado | AI2: domingo | AJ2: lunes | AK2: martes | AL2: miércoles | AM2: jueves | AN2: viernes | AO2: sábado | AP2: domingo
A3: GRUPO | B3: LOCALIDAD | C3: POBLACION | E3: Fr | F3: FrA | G3: ID | H3: 42996 | I3: 42997 | J3: 42998 | K3: 42999 | L3: 43000 | M3: 43001 | N3: 43002 | O3: 43003 | P3: 43004 | Q3: 43005 | R3: 43006 | S3: 43007 | T3: 43008 | U3: 43009 | V3: 43010 | W3: 43011 | X3: 43012 | Y3: 43013 | Z3: 43014 | AA3: 43015 | AB3: 43016 | AC3: 43017 | AD3: 43018 | AE3: 43019 | AF3: 43020 | AG3: 43021 | AH3: 43022 | AI3: 43023 | AJ3: 43024 | AK3: 43025 | AL3: 43026 | AM3: 43027 | AN3: 43028 | AO3: 43029 | AP3: 43030 | AQ3: Presencia
A4: A | B4: SANTA ROSA | C4: 103241 | D4: 74 | E4: =C4/$C$103 -> 0.32464804 | F4: =E4 -> 0.32464804 | G4: 1 | P4: Día Entero | T4: Rural | X4: Descentralización | AB4: Acto en Santa Rosa | AG4: Dia Entero | AK4: Dia Entero | AN4: VEDA | AQ4: =32-COUNTBLANK(H4:AM4) -> 6
B5: GENERAL PICO | C5: 57669 | D5: 35 | E5: =C5/$C$103 -> 0.18134392 | F5: =E5+F4 -> 0.50599197 | G5: 2 | K5: Acto | Q5: Día Entero | X5: Acto Tarde | AD5: Dia Entero | AM5: Dia Entero | AQ5: =32-COUNTBLANK(H5:AM5) -> 5
B6: GRAL ACHA | C6: 12583 | D6: 37 | E6: =C6/$C$103 -> 0.039568063 | F6: =E6+F5 -> 0.54556003 | G6: 3 | J6: Acto Tarde | AL6: Dia Entero | AQ6: =32-COUNTBLANK(H6:AM6) -> 2
B7: TOAY | C7: 12134 | D7: 78 | E7: =C7/$C$103 -> 0.038156153 | F7: =E7+F6 -> 0.58371618 | G7: 4 | AC7: Actividad Tarde | AK7: Dia Entero | AQ7: =32-COUNTBLANK(H7:AM7) -> 2
B8: EDUARDO CASTEX | C8: 9470 | D8: 32 | E8: =C8/$C$103 -> 0.029779031 | F8: =E8+F7 -> 0.61349522 | G8: 5 | Z8: Acto Tarde | AA8: Rural Mañana | AQ8: =32-COUNTBLANK(H8:AM8) -> 2
B9: CNIA. 25 DE MAYO | C9: 8507 | D9: 19 | E9: =C9/$C$103 -> 0.026750815 | F9: =E9+F8 -> 0.64024603 | G9: 6 | M9: Acto Tarde | AA9: Feria Alvear Tarde | AJ9: Dia Entero | AQ9: =32-COUNTBLANK(H9:AM9) -> 3
B10: INT. ALVEAR | C10: 7741 | D10: 43 | E10: =C10/$C$103 -> 0.024342078 | F10: =E10+F9 -> 0.66458811 | G10: 7 | I10: Acto - Tarde | AH10: Dia Entero | AQ10: =32-COUNTBLANK(H10:AM10) -> 2
B11: REALICO | C11: 7591 | D11: 71 | E11: =C11/$C$103 -> 0.023870394 | F11: =E11+F10 -> 0.6884585 | G11: 8 | H11: Lanzamiento Campaña | AE11: Dia Entero | AQ11: =32-COUNTBLANK(H11:AM11) -> 2
B12: VICTORICA | C12: 5799 | D12: 86 | E12: =C12/$C$103 -> 0.018235333 | F12: =E12+F11 -> 0.70669384 | G12: 9 | O12: Acto Tarde | AQ12: =32-COUNTBLANK(H12:AM12) -> 1
B13: GUATRACHE | C13: 5037 | D13: 40 | E13: =C13/$C$103 -> 0.015839174 | F13: =E13+F12 -> 0.72253301 | G13: 10 | S13: Acto Tarde | AI13: Dia Entero | AQ13: =32-COUNTBLANK(H13:AM13) -> 2
B14: MACACHIN | C14: 4950 | D14: 53 | E14: =C14/$C$103 -> 0.015565597 | F14: =E14+F13 -> 0.73809861 | G14: 11 | R14: Acto Tarde | AF14: Dia Entero | AQ14: =32-COUNTBLANK(H14:AM14) -> 2
B15: ING. LUIGGI | C15: 4894 | D15: 42 | E15: =C15/$C$103 -> 0.015389502 | F15: =E15+F14 -> 0.75348811 | G15: 12 | N15: Rural | Y15: Acto Tarde | AQ15: =32-COUNTBLANK(H15:AM15) -> 2
B16: CATRILO | C16: 4233 | D16: 15 | E16: =C16/$C$103 -> 0.013310944 | F16: =E16+F15 -> 0.76679905 | G16: 13 | V16: Acto Tarde | AQ16: =32-COUNTBLANK(H16:AM16) -> 1
B17: QUEMU QUEMU | C17: 3966 | D17: 68 | E17: =C17/$C$103 -> 0.012471345 | F17: =E17+F16 -> 0.7792704 | G17: 14 | W17: Acto Tarde | AQ17: =32-COUNTBLANK(H17:AM17) -> 1
A18: B | B18: RANCUL | C18: 3671 | D18: 70 | E18: =C18/$C$103 -> 0.011543698 | F18: =E18+F17 -> 0.7908141 | G18: 1 | I18: Actividad - Tarde | AQ18: =32-COUNTBLANK(H18:AM18) -> 1
B19: TRENEL | C19: 3613 | D19: 81 | E19: =C19/$C$103 -> 0.011361314 | F19: =E19+F18 -> 0.80217541 | G19: 2 | Y19: Mañana Actividad | AQ19: =32-COUNTBLANK(H19:AM19) -> 1
B20: COLONIA BARON | C20: 3062 | D20: 25 | E20: =C20/$C$103 -> 0.0096286583 | F20: =E20+F19 -> 0.81180407 | G20: 3 | W20: Mañana Actividad | AQ20: =32-COUNTBLANK(H20:AM20) -> 1
B21: SANTA ISABEL | C21: 2966 | D21: 29 | E21: =C21/$C$103 -> 0.0093267801 | F21: =E21+F20 -> 0.82113085 | G21: 4 | N21: Acto Tarde | AQ21: =32-COUNTBLANK(H21:AM21) -> 1
B22: GRAL. SAN MARTIN | C22: 2801 | D22: 39 | E22: =C22/$C$103 -> 0.0088079268 | F22: =E22+F21 -> 0.82993878 | G22: 5 | U22: Actividad Mañana | AQ22: =32-COUNTBLANK(H22:AM22) -> 1
B23: WINIFREDA | C23: 2776 | D23: 88 | E23: =C23/$C$103 -> 0.0087293127 | F23: =E23+F22 -> 0.83866809 | G23: 6 | AQ23: =32-COUNTBLANK(H23:AM23) -> 0
B24: JACINTO ARAUZ | C24: 2598 | D24: 44 | E24: =C24/$C$103 -> 0.0081695801 | F24: =E24+F23 -> 0.84683767 | G24: 7 | U24: Acto Tarde | AQ24: =32-COUNTBLANK(H24:AM24) -> 1
B25: PARERA | C25: 2444 | D25: 62 | E25: =C25/$C$103 -> 0.0076853171 | F25: =E25+F24 -> 0.85452299 | G25: 8 | AQ25: =32-COUNTBLANK(H25:AM25) -> 0
B26: MIGUEL RIGLOS | C26: 2331 | D26: 58 | E26: =C26/$C$103 -> 0.0073299812 | F26: =E26+F25 -> 0.86185297 | G26: 9 | R26: Acto Almuerzo | AQ26: =32-COUNTBLANK(H26:AM26) -> 1
B27: LA ADELA | C27: 2277 | D27: 45 | E27: =C27/$C$103 -> 0.0071601747 | F27: =E27+F26 -> 0.86901314 | G27: 10 | AQ27: =32-COUNTBLANK(H27:AM27) -> 0
B28: ALPACHIRI | C28: 2003 | D28: 5 | E28: =C28/$C$103 -> 0.0062985639 | F28: =E28+F27 -> 0.87531171 | G28: 11 | S28: Actividad Mañana | AQ28: =32-COUNTBLANK(H28:AM28) -> 1
B29: ANGUIL | C29: 1934 | D29: 7 | E29: =C29/$C$103 -> 0.0060815889 | F29: =E29+F28 -> 0.88139329 | G29: 12 | V29: Mañana | AQ29: =32-COUNTBLANK(H29:AM29) -> 1
B30: DOBLAS | C30: 1762 | D30: 30 | E30: =C30/$C$103 -> 0.0055407237 | F30: =E30+F29 -> 0.88693402 | G30: 13 | R30: Actividad Mañana | AQ30: =32-COUNTBLANK(H30:AM30) -> 1
B31: LONQUIMAY | C31: 1749 | D31: 50 | E31: =C31/$C$103 -> 0.0054998443 | F31: =E31+F30 -> 0.89243386 | G31: 14 | V31: Mañana | AQ31: =32-COUNTBLANK(H31:AM31) -> 1
B32: BERNASCONI | C32: 1733 | D32: 11 | E32: =C32/$C$103 -> 0.0054495313 | F32: =E32+F31 -> 0.89788339 | G32: 15 | T32: Mediodia Almuerzo | AQ32: =32-COUNTBLANK(H32:AM32) -> 1
B33: BERNARDO LARROUDE | C33: 1628 | D33: 10 | E33: =C33/$C$103 -> 0.005119352 | F33: =E33+F32 -> 0.90300275 | G33: 16 | I33: Actividad - Tarde | AQ33: =32-COUNTBLANK(H33:AM33) -> 1
A34: C | B34: ALTA ITALIA | C34: 1529 | D34: 6 | E34: =C34/$C$103 -> 0.00480804 | F34: =E34+F33 -> 0.90781079 | AQ34: =32-COUNTBLANK(H34:AM34) -> 0
B35: EMBAJADOR MARTINI | C35: 1482 | D35: 33 | E35: =C35/$C$103 -> 0.0046602455 | F35: =E35+F34 -> 0.91247103 | Z35: Mañana Actividad | AQ35: =32-COUNTBLANK(H35:AM35) -> 1
B36: TELEN | C36: 1450 | D36: 77 | E36: =C36/$C$103 -> 0.0045596194 | F36: =E36+F35 -> 0.91703065 | O36: Mediodia | AQ36: =32-COUNTBLANK(H36:AM36) -> 1
B37: LA MARUJA | C37: 1392 | D37: 47 | E37: =C37/$C$103 -> 0.0043772346 | F37: =E37+F36 -> 0.92140788 | AQ37: =32-COUNTBLANK(H37:AM37) -> 0
B38: CALEUFU | C38: 1345 | D38: 13 | E38: =C38/$C$103 -> 0.00422944 | F38: =E38+F37 -> 0.92563732 | Y38: Mañana Actividad | Z38: Mañana Actividad | AQ38: =32-COUNTBLANK(H38:AM38) -> 2
B39: URIBURU | C39: 1193 | D39: 83 | E39: =C39/$C$103 -> 0.0037514662 | F39: =E39+F38 -> 0.92938879 | V39: Mañana | AQ39: =32-COUNTBLANK(H39:AM39) -> 1
B40: ARATA | C40: 1151 | D40: 8 | E40: =C40/$C$103 -> 0.0036193944 | F40: =E40+F39 -> 0.93300819 | Y40: Mañana Actividad | Z40: Mañana Actividad | AQ40: =32-COUNTBLANK(H40:AM40) -> 2
B41: GRAL. CAMPOS | C41: 1062 | D41: 38 | E41: =C41/$C$103 -> 0.0033395281 | F41: =E41+F40 -> 0.93634771 | AQ41: =32-COUNTBLANK(H41:AM41) -> 0
B42: ATALIVA ROCA | C42: 1036 | D42: 9 | E42: =C42/$C$103 -> 0.0032577694 | F42: =E42+F41 -> 0.93960548 | AC42: Mañana Ataliva | AQ42: =32-COUNTBLANK(H42:AM42) -> 1
B43: LA HUMADA | C43: 963 | D43: 46 | E43: =C43/$C$103 -> 0.0030282162 | F43: =E43+F42 -> 0.9426337 | AQ43: =32-COUNTBLANK(H43:AM43) -> 0
B44: MIGUEL CANE | C44: 875 | D44: 57 | E44: =C44/$C$103 -> 0.0027514945 | F44: =E44+F43 -> 0.94538519 | W44: Actividad Mañana | AQ44: =32-COUNTBLANK(H44:AM44) -> 1
B45: PUELEN | C45: 812 | D45: 66 | E45: =C45/$C$103 -> 0.0025533869 | F45: =E45+F44 -> 0.94793858 | N45: Mediodía | AQ45: =32-COUNTBLANK(H45:AM45) -> 1
B46: LUAN TORO | C46: 796 | D46: 52 | E46: =C46/$C$103 -> 0.0025030738 | F46: =E46+F45 -> 0.95044165 | AQ46: =32-COUNTBLANK(H46:AM46) -> 0
B47: VERTIZ | C47: 789 | D47: 85 | E47: =C47/$C$103 -> 0.0024810619 | F47: =E47+F46 -> 0.95292272 | AQ47: =32-COUNTBLANK(H47:AM47) -> 0
B48: ROLON | C48: 784 | D48: 72 | E48: =C48/$C$103 -> 0.002465339 | F48: =E48+F47 -> 0.95538806 | AQ48: =32-COUNTBLANK(H48:AM48) -> 0
B49: CNEL. HILARIO LAGOS | C49: 764 | D49: 18 | E49: =C49/$C$103 -> 0.0024024477 | F49: =E49+F48 -> 0.9577905 | I49: Mañana | AQ49: =32-COUNTBLANK(H49:AM49) -> 1
B50: CONHELLO | C50: 675 | D50: 27 | E50: =C50/$C$103 -> 0.0021225814 | F50: =E50+F49 -> 0.95991308 | AQ50: =32-COUNTBLANK(H50:AM50) -> 0
B51: VILLA MIRASOL | C51: 658 | D51: 87 | E51: =C51/$C$103 -> 0.0020691238 | F51: =E51+F50 -> 0.96198221 | AQ51: =32-COUNTBLANK(H51:AM51) -> 0
B52: CNIA. STA TERESA | C52: 617 | D52: 24 | E52: =C52/$C$103 -> 0.0019401967 | F52: =E52+F51 -> 0.9639224 | AQ52: =32-COUNTBLANK(H52:AM52) -> 0
B53: QUEHUE | C53: 596 | D53: 67 | E53: =C53/$C$103 -> 0.0018741608 | F53: =E53+F52 -> 0.96579657 | J53: Mediodía | AQ53: =32-COUNTBLANK(H53:AM53) -> 1
B54: METILEO | C54: 573 | D54: 56 | E54: =C54/$C$103 -> 0.0018018358 | F54: =E54+F53 -> 0.9675984 | AQ54: =32-COUNTBLANK(H54:AM54) -> 0
B55: PUELCHES | C55: 560 | D55: 65 | E55: =C55/$C$103 -> 0.0017609565 | F55: =E55+F54 -> 0.96935936 | AQ55: =32-COUNTBLANK(H55:AM55) -> 0
B56: MONTE NIEVAS | C56: 546 | D56: 59 | E56: =C56/$C$103 -> 0.0017169325 | F56: =E56+F55 -> 0.97107629 | AQ56: =32-COUNTBLANK(H56:AM56) -> 0
B57: ALGARROBO DEL AGUILA | C57: 539 | D57: 4 | E57: =C57/$C$103 -> 0.0016949206 | F57: =E57+F56 -> 0.97277121 | N57: 17hs | AQ57: =32-COUNTBLANK(H57:AM57) -> 1
B58: DORILA | C58: 530 | D58: 31 | E58: =C58/$C$103 -> 0.0016666195 | F58: =E58+F57 -> 0.97443783 | AQ58: =32-COUNTBLANK(H58:AM58) -> 0
B59: GOB DUVAL | C59: 527 | D59: 36 | E59: =C59/$C$103 -> 0.0016571858 | F59: =E59+F58 -> 0.97609502 | AQ59: =32-COUNTBLANK(H59:AM59) -> 0
B60: CARRO QUEMADO | C60: 499 | D60: 14 | E60: =C60/$C$103 -> 0.001569138 | F60: =E60+F59 -> 0.97766415 | AQ60: =32-COUNTBLANK(H60:AM60) -> 0
B61: ABRAMO | C61: 492 | D61: 1 | E61: =C61/$C$103 -> 0.001547126 | F61: =E61+F60 -> 0.97921128 | AQ61: =32-COUNTBLANK(H61:AM61) -> 0
B62: SPELUZZI | C62: 459 | D62: 76 | E62: =C62/$C$103 -> 0.0014433554 | F62: =E62+F61 -> 0.98065464 | AQ62: =32-COUNTBLANK(H62:AM62) -> 0
B63: MAURICIO MAYER | C63: 456 | D63: 55 | E63: =C63/$C$103 -> 0.0014339217 | F63: =E63+F62 -> 0.98208856 | AQ63: =32-COUNTBLANK(H63:AM63) -> 0
B64: TOMAS M DE ANCHORENA | C64: 436 | D64: 79 | E64: =C64/$C$103 -> 0.0013710304 | F64: =E64+F63 -> 0.98345959 | AQ64: =32-COUNTBLANK(H64:AM64) -> 0
B65: CEBALLOS | C65: 428 | D65: 16 | E65: =C65/$C$103 -> 0.0013458739 | F65: =E65+F64 -> 0.98480546 | AQ65: =32-COUNTBLANK(H65:AM65) -> 0
B66: QUETREQUEN | C66: 411 | D66: 69 | E66: =C66/$C$103 -> 0.0012924163 | F66: =E66+F65 -> 0.98609788 | I66: Mañana | AQ66: =32-COUNTBLANK(H66:AM66) -> 1
B67: CHACHARRAMENDI | C67: 399 | D67: 17 | E67: =C67/$C$103 -> 0.0012546815 | F67: =E67+F66 -> 0.98735256 | M67: Mañana | AQ67: =32-COUNTBLANK(H67:AM67) -> 1
B68: AGUSTONI | C68: 379 | D68: 3 | E68: =C68/$C$103 -> 0.0011917902 | F68: =E68+F67 -> 0.98854435 | AQ68: =32-COUNTBLANK(H68:AM68) -> 0
B69: CNIA. SANTA MARIA | C69: 345 | D69: 23 | E69: =C69/$C$103 -> 0.001084875 | F69: =E69+F68 -> 0.98962922 | AQ69: =32-COUNTBLANK(H69:AM69) -> 0
B70: MAISONNAVE | C70: 317 | D70: 54 | E70: =C70/$C$103 -> 0.00099682713 | F70: =E70+F69 -> 0.99062605 | I70: Mañana | AQ70: =32-COUNTBLANK(H70:AM70) -> 1
B71: ADOLFO V. PRAET | C71: 309 | D71: 2 | E71: =C71/$C$103 -> 0.00097167061 | F71: =E71+F70 -> 0.99159772 | AQ71: =32-COUNTBLANK(H71:AM71) -> 0
B72: PICHI HUINCA | C72: 305 | D72: 64 | E72: =C72/$C$103 -> 0.00095909235 | F72: =E72+F71 -> 0.99255681 | AQ72: =32-COUNTBLANK(H72:AM72) -> 0
B73: RUCANELO | C73: 305 | D73: 73 | E73: =C73/$C$103 -> 0.00095909235 | F73: =E73+F72 -> 0.99351591 | AQ73: =32-COUNTBLANK(H73:AM73) -> 0
B74: LA REFORMA | C74: 268 | D74: 48 | E74: =C74/$C$103 -> 0.00084274344 | F74: =E74+F73 -> 0.99435865 | M74: Mañana | AQ74: =32-COUNTBLANK(H74:AM74) -> 1
B75: FALUCHO | C75: 263 | D75: 34 | E75: =C75/$C$103 -> 0.00082702062 | F75: =E75+F74 -> 0.99518567 | AQ75: =32-COUNTBLANK(H75:AM75) -> 0
B76: CUCHILLO CO | C76: 249 | D76: 28 | E76: =C76/$C$103 -> 0.00078299671 | F76: =E76+F75 -> 0.99596867 | AQ76: =32-COUNTBLANK(H76:AM76) -> 0
B77: SARAH | C77: 245 | D77: 75 | E77: =C77/$C$103 -> 0.00077041845 | F77: =E77+F76 -> 0.99673909 | I77: Mañana | AQ77: =32-COUNTBLANK(H77:AM77) -> 1
B78: LIMAY MAHUIDA | C78: 235 | D78: 49 | E78: =C78/$C$103 -> 0.0007389728 | F78: =E78+F77 -> 0.99747806 | AQ78: =32-COUNTBLANK(H78:AM78) -> 0
B79: UNANUE | C79: 170 | D79: 82 | E79: =C79/$C$103 -> 0.00053457607 | F79: =E79+F78 -> 0.99801263 | AQ79: =32-COUNTBLANK(H79:AM79) -> 0
B80: V. CASA DE PIEDRA | C80: 154 | D80: 84 | E80: =C80/$C$103 -> 0.00048426302 | F80: =E80+F79 -> 0.9984969 | AQ80: =32-COUNTBLANK(H80:AM80) -> 0
B81: LOVENTUE | C81: 151 | D81: 51 | E81: =C81/$C$103 -> 0.00047482933 | F81: =E81+F80 -> 0.99897173 | AQ81: =32-COUNTBLANK(H81:AM81) -> 0
B82: PERU | C82: 84 | D82: 63 | E82: =C82/$C$103 -> 0.00026414347 | F82: =E82+F81 -> 0.99923587 | AQ82: =32-COUNTBLANK(H82:AM82) -> 0
B83: OJEDA | C83: 70 | D83: 61 | E83: =C83/$C$103 -> 0.00022011956 | F83: =E83+F82 -> 0.99945599 | AQ83: =32-COUNTBLANK(H83:AM83) -> 0
B84: ING. FOSTER | C84: 52 | D84: 41 | E84: =C84/$C$103 -> 0.00016351738 | F84: =E84+F83 -> 0.99961951 | AQ84: =32-COUNTBLANK(H84:AM84) -> 0
B85: TREBOLARES | C85: 46 | D85: 80 | E85: =C85/$C$103 -> 0.00014464999 | F85: =E85+F84 -> 0.99976416 | AQ85: =32-COUNTBLANK(H85:AM85) -> 0
B86: CACHIRULO | C86: 40 | D86: 12 | E86: =C86/$C$103 -> 0.0001257826 | F86: =E86+F85 -> 0.99988994 | AQ86: =32-COUNTBLANK(H86:AM86) -> 0
B87: CNIA. SAN JOSE | C87: 32 | D87: 22 | E87: =C87/$C$103 -> 0.00010062608 | F87: =E87+F86 -> 0.99999057 | AQ87: =32-COUNTBLANK(H87:AM87) -> 0
B88: NAICO | C88: 3 | D88: 60 | E88: =C88/$C$103 -> 9.4336953e-06 | F88: =E88+F87 -> 1 | AQ88: =32-COUNTBLANK(H88:AM88) -> 0
B89: CNIA. EL SAUZAL | C89: 0 | D89: 20 | E89: =C89/$C$103 -> 0 | F89: =E89+F88 -> 1 | AQ89: =32-COUNTBLANK(H89:AM89) -> 0
... B91: COLONIA CHICA | C91: 0 | D91: 26 | E91: =C91/$C$103 -> 0 | F91: =E91+F90 -> 1 | AQ91: =32-COUNTBLANK(H91:AM91) -> 0
B92: PADRE BUODO | D92: 89 | E92: =C92/$C$103 -> 0 | F92: =E92+F91 -> 1 | AQ92: =32-COUNTBLANK(H92:AM92) -> 0
B93: CNIA. EMILIO MITRE | AQ93: =32-COUNTBLANK(H93:AM93) -> 0
B94: RELMO | AQ94: =32-COUNTBLANK(H94:AM94) -> 0
B95: LA GLORIA | AQ95: =32-COUNTBLANK(H95:AM95) -> 0
B96: CHAMAICO | AQ96: =32-COUNTBLANK(H96:AM96) -> 0
B97: OF. ENRIQUE SEGURA | AQ97: =32-COUNTBLANK(H97:AM97) -> 0
B98: PRIVADOS DE LIBERTAD | AQ98: =32-COUNTBLANK(H98:AM98) -> 0
B99: RESIDENTES EN EL EXTERIOR | AQ99: =32-COUNTBLANK(H99:AM99) -> 0
B100: COMANDO ELECTORAL | AQ100: =32-COUNTBLANK(H100:AM100) -> 0
B101: SAN JOSE | AQ101: =32-COUNTBLANK(H101:AM101) -> 0
...

Sheet Agenda
A4: Fecha | B4: Hora | C4: Localidad | D4: Actividad
A5: 42996 | C5: REALICO | D5: Lanzamiento de Campaña
